dataset,method,aggregation,depth,accuracy,accuracy_std,nodes,predicate_literals,mean_axp_length,runtime,runs
HTRU_2-bin,affine,depth_mean_across_runs,5,0.9734773700875395,0.002207636596745995,60.0,65.8,7.575619295958279,0.3751755269,10
HTRU_2-bin,affine,depth_mean_across_runs,7,0.9729372322592662,0.002061084714677507,157.8,174.0,10.901769417023655,0.8659833467,10
HTRU_2-bin,antihorn,depth_mean_across_runs,5,0.9756006705159248,0.00210722825460696,59.6,58.6,3.44105047494878,0.1182890325,10
HTRU_2-bin,antihorn,depth_mean_across_runs,7,0.9744086422052524,0.0023839272744862632,171.8,170.8,6.777947476252561,0.24288564510000002,10
HTRU_2-bin,horn,depth_mean_across_runs,5,0.9754516669770907,0.001695267713751898,58.0,57.0,3.4811138014527847,0.1157376862,10
HTRU_2-bin,horn,depth_mean_across_runs,7,0.9754889178617991,0.002114896903700892,159.6,158.6,6.045986217172658,0.2278918381,10
HTRU_2-bin,square2cnf,depth_mean_across_runs,5,0.9759545539206556,0.0017723010721985607,58.4,114.8,3.218290184391879,0.9935284013000001,10
HTRU_2-bin,square2cnf,depth_mean_across_runs,7,0.975041907245297,0.002687634050029595,162.4,322.8,7.4519091078413116,3.008636879,10
HTRU_2-bin,unary,depth_mean_across_runs,5,0.9765133171912833,0.0017917679847275125,58.6,28.8,1.6002607561929598,0.0618405879,10
HTRU_2-bin,unary,depth_mean_across_runs,7,0.975693797727696,0.0017762115230545601,165.2,82.1,2.9530266343825664,0.10156902240000001,10
IndiansDiabetes-bin,affine,depth_mean_across_runs,5,0.6978260869565218,0.02697755140432796,51.8,55.1,7.53695652173913,0.0300272574,10
IndiansDiabetes-bin,affine,depth_mean_across_runs,7,0.6921739130434783,0.028310992341042975,111.8,124.6,10.402173913043478,0.059761710700000005,10
IndiansDiabetes-bin,antihorn,depth_mean_across_runs,5,0.7395652173913043,0.02798640411655133,48.2,47.2,5.264347826086956,0.0055352538,10
IndiansDiabetes-bin,antihorn,depth_mean_across_runs,7,0.7304347826086957,0.025185720575337377,92.0,91.0,6.818695652173913,0.00899147,10
IndiansDiabetes-bin,horn,depth_mean_across_runs,5,0.7169565217391305,0.03250062607446347,48.6,47.6,5.480434782608695,0.005597143000000001,10
IndiansDiabetes-bin,horn,depth_mean_across_runs,7,0.7021739130434782,0.03143624922244038,101.4,100.4,7.6552173913043475,0.010164883199999999,10
IndiansDiabetes-bin,square2cnf,depth_mean_across_runs,5,0.7139130434782609,0.035841373784694784,48.4,94.8,6.619565217391305,0.058718703399999995,10
IndiansDiabetes-bin,square2cnf,depth_mean_across_runs,7,0.6995652173913044,0.0336437967827915,101.6,201.2,8.762173913043478,0.12226594799999999,10
IndiansDiabetes-bin,unary,depth_mean_across_runs,5,0.7460869565217392,0.03202865761521456,48.0,23.5,3.7834782608695656,0.0030057191,10
IndiansDiabetes-bin,unary,depth_mean_across_runs,7,0.7339130434782609,0.019955842873111303,107.2,53.1,5.812608695652174,0.0041902261000000005,10
Statlog_satellite-bin,affine,depth_mean_across_runs,5,0.9046616541353384,0.009469572512146031,42.0,54.3,9.936616541353384,0.1249911437,10
Statlog_satellite-bin,affine,depth_mean_across_runs,7,0.9418796992481203,0.008417844597201837,72.6,93.7,11.92172932330827,0.1826809392,10
Statlog_satellite-bin,antihorn,depth_mean_across_runs,5,0.9359398496240601,0.003662922487507867,31.8,30.8,4.639172932330827,0.1037226644,10
Statlog_satellite-bin,antihorn,depth_mean_across_runs,7,0.9647368421052631,0.006265162887216431,45.6,44.6,5.25218045112782,0.12548736359999998,10
Statlog_satellite-bin,horn,depth_mean_across_runs,5,0.9201503759398497,0.008702193260129144,33.6,32.6,5.213157894736843,0.1053970654,10
Statlog_satellite-bin,horn,depth_mean_across_runs,7,0.9608270676691729,0.00655904616167348,50.8,49.8,6.116015037593985,0.1297187874,10
Statlog_satellite-bin,square2cnf,depth_mean_across_runs,5,0.9429323308270676,0.005796467474414023,32.2,62.4,5.544060150375939,0.22165428289999997,10
Statlog_satellite-bin,square2cnf,depth_mean_across_runs,7,0.9678947368421053,0.005328983282600749,48.6,95.2,6.17203007518797,0.3190895848,10
Statlog_satellite-bin,unary,depth_mean_across_runs,5,0.9203759398496241,0.009908152900397298,34.0,16.5,3.5035338345864657,0.0971438869,10
Statlog_satellite-bin,unary,depth_mean_across_runs,7,0.9631578947368421,0.00411821471808397,48.4,23.7,3.8822556390977447,0.1120472911,10
adult_discretized,affine,depth_mean_across_runs,5,0.8520022002200219,0.0019741108956284315,57.4,58.1,6.297106710671067,0.6560637447000001,10
adult_discretized,affine,depth_mean_across_runs,7,0.8534983498349835,0.002501685534276227,179.6,183.8,9.438217821782178,1.6829313459000002,10
adult_discretized,antihorn,depth_mean_across_runs,5,0.8506050605060507,0.0022824153017375116,59.4,58.4,5.535973597359736,0.1963657714,10
adult_discretized,antihorn,depth_mean_across_runs,7,0.8542574257425744,0.0016625861815016557,179.8,178.8,8.353355335533553,0.40439386969999996,10
adult_discretized,horn,depth_mean_across_runs,5,0.842013201320132,0.006086049244498377,58.4,57.4,4.988470847084709,0.18709589229999998,10
adult_discretized,horn,depth_mean_across_runs,7,0.8512541254125413,0.0032179967711778185,166.2,165.2,7.543146314631462,0.3544524926,10
adult_discretized,square2cnf,depth_mean_across_runs,5,0.8506050605060507,0.0022467874854478122,59.0,116.0,6.341760176017602,1.5709707683,10
adult_discretized,square2cnf,depth_mean_across_runs,7,0.8543234323432344,0.002561049384807471,177.2,352.4,9.704037403740374,5.0301916826,10
adult_discretized,unary,depth_mean_across_runs,5,0.8372277227722773,0.001209787599500248,52.4,25.7,3.556710671067107,0.1145773312,10
adult_discretized,unary,depth_mean_across_runs,7,0.8490429042904291,0.00269111284513455,141.8,70.4,5.316963696369637,0.1766735135,10
anneal,affine,depth_mean_across_runs,5,0.8225409836065574,0.01823143606060465,24.0,25.7,5.5274590163934425,0.0125910308,10
anneal,affine,depth_mean_across_runs,7,0.8536885245901639,0.033298041874892305,43.8,49.1,7.6118852459016395,0.0214314824,10
anneal,antihorn,depth_mean_across_runs,5,0.8327868852459016,0.025688872729056098,24.8,23.8,4.527868852459017,0.005190372699999999,10
anneal,antihorn,depth_mean_across_runs,7,0.8618852459016393,0.028265816346510483,44.2,43.2,6.526639344262295,0.0072524194,10
anneal,horn,depth_mean_across_runs,5,0.8274590163934427,0.02273266734571816,24.6,23.6,4.538934426229508,0.0051573618,10
anneal,horn,depth_mean_across_runs,7,0.8610655737704919,0.02842383751540936,43.4,42.4,6.479098360655738,0.007160531,10
anneal,square2cnf,depth_mean_across_runs,5,0.8344262295081967,0.025862643860544796,24.8,47.6,5.058606557377049,0.0238544723,10
anneal,square2cnf,depth_mean_across_runs,7,0.864344262295082,0.029582102348555076,43.8,85.6,7.233606557377049,0.039412488499999995,10
anneal,unary,depth_mean_across_runs,5,0.8176229508196722,0.025648884365462532,23.2,11.1,2.071311475409836,0.0035529103,10
anneal,unary,depth_mean_across_runs,7,0.8405737704918034,0.023854352418294388,38.0,18.5,3.05327868852459,0.0048983003,10
audiology,affine,depth_mean_across_runs,5,0.9507692307692308,0.027900452325611155,12.6,13.5,4.524615384615385,0.0048683885,10
audiology,affine,depth_mean_across_runs,7,0.9507692307692308,0.027900452325611155,12.6,13.5,4.524615384615385,0.0048340479,10
audiology,antihorn,depth_mean_across_runs,5,0.9523076923076923,0.015298906554026994,14.2,13.2,3.3661538461538463,0.0021679926,10
audiology,antihorn,depth_mean_across_runs,7,0.9523076923076923,0.015298906554026994,14.4,13.4,3.3846153846153846,0.0021816734,10
audiology,horn,depth_mean_across_runs,5,0.9553846153846154,0.011351765959578822,14.2,13.2,3.398461538461538,0.0024195894,10
audiology,horn,depth_mean_across_runs,7,0.9553846153846154,0.011351765959578822,14.2,13.2,3.398461538461538,0.0021516564,10
audiology,square2cnf,depth_mean_across_runs,5,0.953846153846154,0.01776462366737314,13.6,25.2,4.156923076923077,0.0082940577,10
audiology,square2cnf,depth_mean_across_runs,7,0.953846153846154,0.01776462366737314,13.6,25.2,4.156923076923077,0.008367729899999999,10
audiology,unary,depth_mean_across_runs,5,0.9415384615384615,0.024912733951776685,15.8,7.4,2.4753846153846153,0.0024670406,10
audiology,unary,depth_mean_across_runs,7,0.9430769230769231,0.02181748449864891,17.2,8.1,2.6584615384615384,0.0020877753999999998,10
australian-credit,affine,depth_mean_across_runs,5,0.8367346938775511,0.02656547508811791,42.4,50.6,8.586224489795919,0.0208598215,10
australian-credit,affine,depth_mean_across_runs,7,0.8372448979591838,0.017418486570162435,76.0,92.7,10.745918367346938,0.0368746835,10
australian-credit,antihorn,depth_mean_across_runs,5,0.8403061224489796,0.027002818465851428,42.2,41.2,5.497448979591836,0.009079944400000001,10
australian-credit,antihorn,depth_mean_across_runs,7,0.846938775510204,0.02522516492209406,76.6,75.6,6.957653061224489,0.0135699245,10
australian-credit,horn,depth_mean_across_runs,5,0.8443877551020409,0.02957912777368383,43.0,42.0,5.521938775510204,0.0091245987,10
australian-credit,horn,depth_mean_across_runs,7,0.851530612244898,0.025617687399990482,76.6,75.6,7.059183673469387,0.013328097,10
australian-credit,square2cnf,depth_mean_across_runs,5,0.8433673469387755,0.027109718402735364,41.2,80.4,6.167857142857143,0.0375643117,10
australian-credit,square2cnf,depth_mean_across_runs,7,0.8464285714285715,0.018853787825735484,74.2,146.4,7.799489795918367,0.0651043197,10
australian-credit,unary,depth_mean_across_runs,5,0.85,0.027862105328261756,39.0,19.0,4.036734693877551,0.0068028846000000006,10
australian-credit,unary,depth_mean_across_runs,7,0.8377551020408163,0.028941561069636274,76.8,37.9,5.271428571428571,0.0110134309,10
balance-scale-bin,affine,depth_mean_across_runs,5,0.9096256684491978,0.013446005109195053,33.2,33.5,1.9165775401069518,0.0145940401,10
balance-scale-bin,affine,depth_mean_across_runs,7,0.8807486631016042,0.01920672192092832,61.6,64.9,6.108021390374331,0.020718554,10
balance-scale-bin,antihorn,depth_mean_across_runs,5,0.9128342245989304,0.010099262370207045,24.2,23.2,1.146524064171123,0.0018453066,10
balance-scale-bin,antihorn,depth_mean_across_runs,7,0.8967914438502674,0.014492318448611676,42.6,41.6,2.3823529411764706,0.0028242071,10
balance-scale-bin,horn,depth_mean_across_runs,5,0.9096256684491978,0.012464979491655679,25.2,24.2,0.958288770053476,0.0020482938,10
balance-scale-bin,horn,depth_mean_across_runs,7,0.9026737967914439,0.010930274307847331,45.0,44.0,2.2288770053475937,0.0030383562,10
balance-scale-bin,square2cnf,depth_mean_across_runs,5,0.9069518716577539,0.01265471611358206,29.8,57.6,1.7711229946524063,0.0342681281,10
balance-scale-bin,square2cnf,depth_mean_across_runs,7,0.8796791443850267,0.021575255680766892,51.2,100.4,4.05668449197861,0.0572698351,10
balance-scale-bin,unary,depth_mean_across_runs,5,0.9139037433155079,0.009245135458032032,36.6,17.8,0.4614973262032086,0.0008623883000000001,10
balance-scale-bin,unary,depth_mean_across_runs,7,0.8877005347593583,0.012349738378387732,71.8,35.4,2.537967914438503,0.0013274371,10
bank_conv-bin,affine,depth_mean_across_runs,5,0.899410029498525,0.006902276670677052,55.4,58.4,6.655014749262537,0.1431457298,10
bank_conv-bin,affine,depth_mean_across_runs,7,0.8949852507374632,0.006796407256977395,135.4,152.5,10.631637168141593,0.3263204602,10
bank_conv-bin,antihorn,depth_mean_across_runs,5,0.901401179941003,0.007022483778430165,54.8,53.8,5.712020648967552,0.0696235775,10
bank_conv-bin,antihorn,depth_mean_across_runs,7,0.8977138643067846,0.005519216171876965,132.6,131.6,8.059660766961652,0.11814229439999999,10
bank_conv-bin,horn,depth_mean_across_runs,5,0.9001474926253688,0.006298009942930151,52.0,51.0,5.461356932153392,0.06785852569999999,10
bank_conv-bin,horn,depth_mean_across_runs,7,0.8991150442477875,0.0069424319009258086,123.8,122.8,8.139823008849557,0.1102232631,10
bank_conv-bin,square2cnf,depth_mean_across_runs,5,0.8972713864306785,0.0071503928537640805,52.8,103.6,7.367551622418878,0.2704470227,10
bank_conv-bin,square2cnf,depth_mean_across_runs,7,0.8974188790560472,0.008193256272427629,128.2,254.4,9.802802359882005,0.6256229538,10
bank_conv-bin,unary,depth_mean_across_runs,5,0.9021386430678466,0.007031083443394122,55.4,27.2,4.900294985250738,0.054443210799999996,10
bank_conv-bin,unary,depth_mean_across_runs,7,0.9019174041297935,0.007039243393941187,130.8,64.9,7.983185840707965,0.0867401116,10
banknote-bin,affine,depth_mean_across_runs,5,0.9716019417475728,0.011096242185109201,30.4,33.1,5.468689320388349,0.0228745354,10
banknote-bin,affine,depth_mean_across_runs,7,0.9851941747572817,0.0029058713585870394,43.4,47.7,6.213592233009709,0.0284349742,10
banknote-bin,antihorn,depth_mean_across_runs,5,0.9800970873786408,0.006140344971200826,30.2,29.2,4.311407766990291,0.004366793799999999,10
banknote-bin,antihorn,depth_mean_across_runs,7,0.9876213592233011,0.004037208721642242,40.4,39.4,4.757038834951457,0.0053567956,10
banknote-bin,horn,depth_mean_across_runs,5,0.9817961165048544,0.007076397930637545,27.0,26.0,4.2279126213592235,0.0040585351,10
banknote-bin,horn,depth_mean_across_runs,7,0.9890776699029127,0.004004650055263577,38.6,37.6,4.625970873786408,0.0052317491,10
banknote-bin,square2cnf,depth_mean_across_runs,5,0.9895631067961166,0.006166938187753861,28.2,54.4,4.945873786407767,0.0489737072,10
banknote-bin,square2cnf,depth_mean_across_runs,7,0.9907766990291262,0.002755564136881288,32.2,62.4,5.1611650485436895,0.0552220064,10
banknote-bin,unary,depth_mean_across_runs,5,0.9720873786407767,0.011626300860194097,30.2,14.6,3.336407766990291,0.0016452953999999999,10
banknote-bin,unary,depth_mean_across_runs,7,0.9902912621359224,0.006266963343377696,47.0,23.0,3.9077669902912624,0.0020324374,10
biodeg-bin,affine,depth_mean_across_runs,5,0.805379746835443,0.023026244676100295,45.2,50.5,8.848734177215189,0.0448984058,10
biodeg-bin,affine,depth_mean_across_runs,7,0.8009493670886076,0.022048684598262605,89.6,104.2,13.232911392405063,0.08541855670000001,10
biodeg-bin,antihorn,depth_mean_across_runs,5,0.808860759493671,0.013191981604104234,45.0,44.0,5.200949367088607,0.0233748963,10
biodeg-bin,antihorn,depth_mean_across_runs,7,0.8139240506329115,0.01977953583685103,88.0,87.0,7.12753164556962,0.034701763600000005,10
biodeg-bin,horn,depth_mean_across_runs,5,0.816139240506329,0.01480179962334268,46.6,45.6,6.21740506329114,0.0235184165,10
biodeg-bin,horn,depth_mean_across_runs,7,0.8132911392405063,0.015286262390495206,95.2,94.2,8.310443037974684,0.0362027642,10
biodeg-bin,square2cnf,depth_mean_across_runs,5,0.8167721518987342,0.010906377236761872,47.8,93.6,6.970886075949368,0.087940565,10
biodeg-bin,square2cnf,depth_mean_across_runs,7,0.816139240506329,0.01947624204881509,90.8,179.6,9.063924050632911,0.1589521404,10
biodeg-bin,unary,depth_mean_across_runs,5,0.8091772151898734,0.017591065961629467,44.6,21.8,3.9268987341772155,0.0196843925,10
biodeg-bin,unary,depth_mean_across_runs,7,0.8177215189873417,0.02116024289978027,93.8,46.4,5.9303797468354436,0.030456253499999995,10
breast-cancer-un,affine,depth_mean_across_runs,5,0.9390243902439025,0.014769026117548703,27.8,30.4,6.982926829268292,0.015781437000000002,10
breast-cancer-un,affine,depth_mean_across_runs,7,0.9346341463414636,0.015630068085460695,37.6,42.0,7.982439024390244,0.021588626899999998,10
breast-cancer-un,antihorn,depth_mean_across_runs,5,0.9473170731707317,0.007899159545685238,29.2,28.2,4.734146341463415,0.0051360137,10
breast-cancer-un,antihorn,depth_mean_across_runs,7,0.9390243902439025,0.011087952599175457,34.8,33.8,5.1726829268292684,0.0056964189,10
breast-cancer-un,horn,depth_mean_across_runs,5,0.9375609756097563,0.016389727698672075,19.8,18.8,3.6731707317073172,0.0039615619000000005,10
breast-cancer-un,horn,depth_mean_across_runs,7,0.9400000000000001,0.013418329128961085,29.8,28.8,4.174146341463414,0.0050871961,10
breast-cancer-un,square2cnf,depth_mean_across_runs,5,0.9414634146341463,0.00948122259324433,20.2,38.4,4.678536585365853,0.022856048,10
breast-cancer-un,square2cnf,depth_mean_across_runs,7,0.9453658536585365,0.01836750731244608,24.4,46.8,5.030243902439024,0.026632165899999997,10
breast-cancer-un,unary,depth_mean_across_runs,5,0.9395121951219512,0.015288012063145576,29.8,14.4,3.3546341463414633,0.0038329328,10
breast-cancer-un,unary,depth_mean_across_runs,7,0.9404878048780487,0.021791044640976812,43.4,21.2,3.8239024390243905,0.0043592851000000005,10
breast-wisconsin,affine,depth_mean_across_runs,5,0.9492682926829268,0.011076023652635087,29.0,37.1,8.708292682926828,0.013929202199999999,10
breast-wisconsin,affine,depth_mean_across_runs,7,0.9370731707317074,0.01160068876860937,38.4,49.2,9.72439024390244,0.0180992253,10
breast-wisconsin,antihorn,depth_mean_across_runs,5,0.9404878048780487,0.01316972795532784,26.4,25.4,5.66390243902439,0.0059408207,10
breast-wisconsin,antihorn,depth_mean_across_runs,7,0.9429268292682927,0.011509163166950486,32.0,31.0,5.834634146341463,0.006651513100000001,10
breast-wisconsin,horn,depth_mean_across_runs,5,0.9404878048780487,0.01316972795532784,26.4,25.4,5.661951219512195,0.0059208444,10
breast-wisconsin,horn,depth_mean_across_runs,7,0.9429268292682927,0.011509163166950486,32.0,31.0,5.8341463414634145,0.0065666545,10
breast-wisconsin,square2cnf,depth_mean_across_runs,5,0.9404878048780487,0.01316972795532784,26.6,51.2,6.1970731707317075,0.0237656795,10
breast-wisconsin,square2cnf,depth_mean_across_runs,7,0.9429268292682927,0.011509163166950486,32.2,62.4,6.436097560975609,0.028370945800000002,10
breast-wisconsin,unary,depth_mean_across_runs,5,0.9497560975609757,0.014552618429440256,29.4,14.2,4.020487804878049,0.0052244616,10
breast-wisconsin,unary,depth_mean_across_runs,7,0.9487804878048781,0.016937127362601275,38.4,18.7,4.23609756097561,0.0062501837,10
car-un,affine,depth_mean_across_runs,5,0.9237451737451737,0.010425902024465677,20.6,20.0,3.798262548262548,0.016262222700000002,10
car-un,affine,depth_mean_across_runs,7,0.9604247104247104,0.009157174691607237,47.2,51.6,4.539189189189189,0.029554577300000003,10
car-un,antihorn,depth_mean_across_runs,5,0.9501930501930502,0.009271770221018216,24.4,23.4,2.8252895752895753,0.0043251837000000005,10
car-un,antihorn,depth_mean_across_runs,7,0.9752895752895754,0.008623869018147254,44.6,43.6,3.1604247104247105,0.006629767,10
car-un,horn,depth_mean_across_runs,5,0.95,0.011382869768398418,19.0,18.0,3.043822393822394,0.0032888263,10
car-un,horn,depth_mean_across_runs,7,0.9700772200772201,0.008645449705627035,34.0,33.0,3.396525096525097,0.0050477067,10
car-un,square2cnf,depth_mean_across_runs,5,0.9586872586872588,0.012876446268500112,21.6,41.2,3.4401544401544397,0.050608886900000004,10
car-un,square2cnf,depth_mean_across_runs,7,0.9776061776061777,0.008449239414244492,40.8,79.6,3.774710424710425,0.09102965510000001,10
car-un,unary,depth_mean_across_runs,5,0.9243243243243244,0.012066280549121455,17.0,8.0,2.2494208494208494,0.0012531682,10
car-un,unary,depth_mean_across_runs,7,0.963899613899614,0.010846374671408365,39.8,19.4,2.554826254826255,0.0019773414,10
car_evaluation-bin,affine,depth_mean_across_runs,5,0.9332046332046332,0.008879376221704096,23.0,24.1,3.2978764478764475,0.0133754318,10
car_evaluation-bin,affine,depth_mean_across_runs,7,0.9301158301158301,0.007154152952219972,56.0,59.4,3.7333976833976834,0.0218886259,10
car_evaluation-bin,antihorn,depth_mean_across_runs,5,0.9324324324324325,0.009759170455664823,25.6,24.6,2.207915057915058,0.0034643885,10
car_evaluation-bin,antihorn,depth_mean_across_runs,7,0.9347490347490348,0.014526590537474812,52.6,51.6,2.6623552123552123,0.0054454322,10
car_evaluation-bin,horn,depth_mean_across_runs,5,0.9418918918918919,0.008797385765834907,28.6,27.6,2.5073359073359076,0.0037273306,10
car_evaluation-bin,horn,depth_mean_across_runs,7,0.9285714285714286,0.007337036197549138,58.6,57.6,2.8374517374517376,0.0054462069,10
car_evaluation-bin,square2cnf,depth_mean_across_runs,5,0.937065637065637,0.012351189821374634,15.0,28.0,2.762162162162162,0.0374999753,10
car_evaluation-bin,square2cnf,depth_mean_across_runs,7,0.9343629343629344,0.007933608755429866,31.8,61.6,3.0048262548262548,0.0731885552,10
car_evaluation-bin,unary,depth_mean_across_runs,5,0.9208494208494209,0.007985632976828095,17.4,8.2,2.107722007722008,0.0009229282,10
car_evaluation-bin,unary,depth_mean_across_runs,7,0.9445945945945946,0.00941580203910254,41.8,20.4,2.4631274131274132,0.0013669697,10
compas_discretized,affine,depth_mean_across_runs,5,0.6674594594594595,0.009782307057601837,55.6,55.7,7.00491891891892,0.1088392753,10
compas_discretized,affine,depth_mean_across_runs,7,0.6623783783783784,0.010921951233569838,166.6,173.2,9.570270270270269,0.1863464242,10
compas_discretized,antihorn,depth_mean_across_runs,5,0.668918918918919,0.010068348519602517,58.4,57.4,4.700972972972973,0.0232003779,10
compas_discretized,antihorn,depth_mean_across_runs,7,0.6674594594594595,0.010834208913690385,166.6,165.6,6.919729729729729,0.045540287400000004,10
compas_discretized,horn,depth_mean_across_runs,5,0.6676756756756757,0.009285137659125808,57.8,56.8,4.212702702702702,0.0216394956,10
compas_discretized,horn,depth_mean_across_runs,7,0.6663243243243243,0.008915005056251554,157.6,156.6,6.401999999999999,0.0414934721,10
compas_discretized,square2cnf,depth_mean_across_runs,5,0.6669189189189189,0.009725724901517357,58.8,115.6,5.5645945945945945,0.3053997261,10
compas_discretized,square2cnf,depth_mean_across_runs,7,0.6657297297297298,0.012535672659852788,166.8,331.6,7.791351351351352,0.8764607936,10
compas_discretized,unary,depth_mean_across_runs,5,0.6717297297297298,0.01100442245325695,55.4,27.2,3.472918918918919,0.0082522868,10
compas_discretized,unary,depth_mean_across_runs,7,0.6702162162162162,0.009329262738896341,158.8,78.9,5.176702702702703,0.0146738399,10
diabetes,affine,depth_mean_across_runs,5,0.7378260869565217,0.024513754824452377,49.4,58.4,8.730434782608695,0.025952748400000003,10
diabetes,affine,depth_mean_across_runs,7,0.717391304347826,0.01844626385704038,111.0,136.6,13.792608695652174,0.0563277307,10
diabetes,antihorn,depth_mean_across_runs,5,0.7447826086956522,0.03012610895326056,50.8,49.8,6.234782608695652,0.010838930299999999,10
diabetes,antihorn,depth_mean_across_runs,7,0.7221739130434782,0.03505029842169244,108.0,107.0,9.28217391304348,0.0189351731,10
diabetes,horn,depth_mean_across_runs,5,0.7447826086956522,0.03012610895326056,50.8,49.8,6.252173913043478,0.0107625625,10
diabetes,horn,depth_mean_across_runs,7,0.7221739130434782,0.03505029842169244,108.0,107.0,9.38608695652174,0.0186867161,10
diabetes,square2cnf,depth_mean_across_runs,5,0.7447826086956522,0.03012610895326056,50.8,99.6,7.373913043478261,0.0486304835,10
diabetes,square2cnf,depth_mean_across_runs,7,0.7226086956521739,0.03446716868682839,107.8,213.6,10.743478260869566,0.10175671150000001,10
diabetes,unary,depth_mean_across_runs,5,0.7560869565217392,0.018835004749315636,51.4,25.2,4.166086956521739,0.0083112975,10
diabetes,unary,depth_mean_across_runs,7,0.731304347826087,0.03471006928677726,115.6,57.3,6.518260869565218,0.0150577025,10
forest-fires-un,affine,depth_mean_across_runs,5,0.5367741935483871,0.05087283027980196,15.8,16.2,7.171612903225807,0.0173576397,10
forest-fires-un,affine,depth_mean_across_runs,7,0.5374193548387096,0.05746806358974727,23.8,25.1,9.876129032258065,0.0240871375,10
forest-fires-un,antihorn,depth_mean_across_runs,5,0.5270967741935484,0.05508483666099757,17.6,16.6,7.805161290322582,0.026168390899999998,10
forest-fires-un,antihorn,depth_mean_across_runs,7,0.5283870967741936,0.054443016868926906,26.6,25.6,10.134193548387097,0.0343066423,10
forest-fires-un,horn,depth_mean_across_runs,5,0.5406451612903226,0.05195228918426718,15.0,14.0,3.6774193548387095,0.0253308859,10
forest-fires-un,horn,depth_mean_across_runs,7,0.532258064516129,0.05642856672430936,24.2,23.2,5.203225806451613,0.0340356671,10
forest-fires-un,square2cnf,depth_mean_across_runs,5,0.5341935483870968,0.05059936746615994,17.2,32.4,7.699354838709676,0.0366591,10
forest-fires-un,square2cnf,depth_mean_across_runs,7,0.5361290322580645,0.052891859955743595,26.6,51.2,10.396774193548387,0.0498622965,10
forest-fires-un,unary,depth_mean_across_runs,5,0.5412903225806451,0.04945769028862349,14.4,6.7,3.318709677419355,0.0367572978,10
forest-fires-un,unary,depth_mean_across_runs,7,0.5451612903225806,0.06685716798584868,24.6,11.8,4.921935483870968,0.0506531133,10
german-credit,affine,depth_mean_across_runs,5,0.6953333333333334,0.020196564920003136,50.8,54.8,10.458,0.0397020945,10
german-credit,affine,depth_mean_across_runs,7,0.689,0.01987926520737587,109.6,124.6,17.159,0.0838826282,10
german-credit,antihorn,depth_mean_across_runs,5,0.713,0.01643918834919311,49.4,48.4,7.294,0.0129088311,10
german-credit,antihorn,depth_mean_across_runs,7,0.701,0.02073048688332602,106.6,105.6,11.523666666666667,0.022779887300000003,10
german-credit,horn,depth_mean_across_runs,5,0.7183333333333334,0.013810892105173377,49.0,48.0,7.003333333333333,0.012338728,10
german-credit,horn,depth_mean_across_runs,7,0.6983333333333334,0.019132417064136185,97.4,96.4,10.949,0.0209144256,10
german-credit,square2cnf,depth_mean_across_runs,5,0.7030000000000001,0.017173766960248943,51.2,100.4,9.122333333333334,0.0742223486,10
german-credit,square2cnf,depth_mean_across_runs,7,0.6849999999999999,0.022457092146008596,101.8,201.6,13.591,0.1456881931,10
german-credit,unary,depth_mean_across_runs,5,0.706,0.01864549063413602,50.8,24.9,5.353666666666667,0.008756243399999999,10
german-credit,unary,depth_mean_across_runs,7,0.694,0.02779110791264622,109.2,54.1,8.164666666666665,0.0157683827,10
heart-cleveland,affine,depth_mean_across_runs,5,0.752808988764045,0.03856041251305993,40.8,51.3,8.671910112359551,0.015175460800000002,10
heart-cleveland,affine,depth_mean_across_runs,7,0.7460674157303371,0.03935258587734439,58.8,76.3,10.252808988764045,0.020517261000000002,10
heart-cleveland,antihorn,depth_mean_across_runs,5,0.7415730337078651,0.04617538579002978,32.6,31.6,4.639325842696629,0.0046197719,10
heart-cleveland,antihorn,depth_mean_across_runs,7,0.7337078651685393,0.04238998896455707,48.0,47.0,5.601123595505618,0.0060039689,10
heart-cleveland,horn,depth_mean_across_runs,5,0.7449438202247192,0.037471905433050956,32.4,31.4,4.704494382022472,0.0045312628,10
heart-cleveland,horn,depth_mean_across_runs,7,0.7438202247191011,0.04456771469855733,47.4,46.4,5.564044943820225,0.0059198874,10
heart-cleveland,square2cnf,depth_mean_across_runs,5,0.7404494382022472,0.05037418375608964,33.8,65.6,5.63370786516854,0.0237278311,10
heart-cleveland,square2cnf,depth_mean_across_runs,7,0.7404494382022472,0.047211813975002,47.8,93.6,6.56067415730337,0.0320155961,10
heart-cleveland,unary,depth_mean_across_runs,5,0.747191011235955,0.04311185180981774,40.8,19.9,3.7438202247191006,0.0051490571,10
heart-cleveland,unary,depth_mean_across_runs,7,0.752808988764045,0.03432640970004375,62.6,30.8,4.380898876404494,0.0063891825,10
hepatitis,affine,depth_mean_across_runs,5,0.8097560975609757,0.059521968187717524,24.4,30.2,7.44390243902439,0.0064674000999999995,10
hepatitis,affine,depth_mean_across_runs,7,0.7951219512195122,0.04482617480354545,28.4,35.7,7.946341463414635,0.0072713772,10
hepatitis,antihorn,depth_mean_across_runs,5,0.8024390243902438,0.046632944389268245,23.4,22.4,4.775609756097561,0.0020190173,10
hepatitis,antihorn,depth_mean_across_runs,7,0.8048780487804879,0.0459906849552226,26.0,25.0,4.853658536585366,0.0022238142,10
hepatitis,horn,depth_mean_across_runs,5,0.8024390243902438,0.046632944389268245,23.4,22.4,4.780487804878049,0.0020331921999999997,10
hepatitis,horn,depth_mean_across_runs,7,0.8048780487804879,0.0459906849552226,26.0,25.0,4.8585365853658535,0.0022386631,10
hepatitis,square2cnf,depth_mean_across_runs,5,0.8024390243902438,0.046632944389268245,23.4,44.8,5.541463414634146,0.0114438298,10
hepatitis,square2cnf,depth_mean_across_runs,7,0.8048780487804879,0.0459906849552226,26.0,50.0,5.626829268292683,0.012508441300000001,10
hepatitis,unary,depth_mean_across_runs,5,0.8,0.0457023392603421,26.2,12.6,3.2365853658536587,0.0022837448,10
hepatitis,unary,depth_mean_across_runs,7,0.7829268292682927,0.06748457225836466,32.2,15.6,3.831707317073171,0.002108198,10
hypothyroid,affine,depth_mean_across_runs,5,0.9788501026694046,0.00242960155363432,31.4,36.3,3.6635523613963037,0.0456533356,10
hypothyroid,affine,depth_mean_across_runs,7,0.9777207392197125,0.002739988898185941,62.0,70.7,4.427207392197126,0.0819998829,10
hypothyroid,antihorn,depth_mean_across_runs,5,0.9786447638603697,0.0024583552356013845,30.4,29.4,3.1924024640657085,0.014352753800000001,10
hypothyroid,antihorn,depth_mean_across_runs,7,0.9759753593429158,0.005080723767254097,54.8,53.8,3.4902464065708423,0.0206721102,10
hypothyroid,horn,depth_mean_across_runs,5,0.9785420944558523,0.0025815225414984556,30.4,29.4,3.1840862422997946,0.015759224,10
hypothyroid,horn,depth_mean_across_runs,7,0.9758726899383984,0.005081876250827339,54.8,53.8,3.4815195071868588,0.0203127424,10
hypothyroid,square2cnf,depth_mean_across_runs,5,0.9785420944558523,0.0025815225414984556,30.4,58.8,3.4144763860369607,0.07803272559999999,10
hypothyroid,square2cnf,depth_mean_across_runs,7,0.9758726899383984,0.005081876250827339,54.6,107.2,3.6861396303901435,0.1380106134,10
hypothyroid,unary,depth_mean_across_runs,5,0.9798767967145791,0.003325108227649906,30.6,14.8,1.832340862422998,0.0093439857,10
hypothyroid,unary,depth_mean_across_runs,7,0.9793634496919917,0.0030781802630758166,54.0,26.5,2.0308008213552364,0.011787379800000001,10
ionosphere,affine,depth_mean_across_runs,5,0.8657142857142857,0.030267140156325166,24.6,30.6,8.50952380952381,0.0157542315,10
ionosphere,affine,depth_mean_across_runs,7,0.8685714285714287,0.033536794022207654,33.2,42.5,10.711428571428572,0.0205378963,10
ionosphere,antihorn,depth_mean_across_runs,5,0.8609523809523809,0.03212472543663114,27.0,26.0,5.434285714285714,0.0183966257,10
ionosphere,antihorn,depth_mean_across_runs,7,0.8647619047619047,0.03262281289819714,30.6,29.6,5.615238095238095,0.019533778199999997,10
ionosphere,horn,depth_mean_across_runs,5,0.8609523809523809,0.03212472543663114,27.0,26.0,5.386666666666667,0.018382736,10
ionosphere,horn,depth_mean_across_runs,7,0.8647619047619047,0.03262281289819714,30.6,29.6,5.568571428571429,0.0192623467,10
ionosphere,square2cnf,depth_mean_across_runs,5,0.8619047619047618,0.03214040751002633,27.0,52.0,6.388571428571429,0.0349543974,10
ionosphere,square2cnf,depth_mean_across_runs,7,0.8657142857142857,0.03312862310652589,30.4,58.8,6.562857142857143,0.0380219862,10
ionosphere,unary,depth_mean_across_runs,5,0.8647619047619047,0.020961998754564032,25.4,12.2,3.6142857142857148,0.0238010015,10
ionosphere,unary,depth_mean_across_runs,7,0.8666666666666666,0.016187363535215174,35.0,17.0,4.3914285714285715,0.031746339,10
kr-vs-kp,affine,depth_mean_across_runs,5,0.9519290928050053,0.011459216706301754,30.4,33.8,6.102919708029197,0.043711610299999995,10
kr-vs-kp,affine,depth_mean_across_runs,7,0.9883211678832117,0.00515081920134649,55.8,64.5,7.59895724713243,0.0757816605,10
kr-vs-kp,antihorn,depth_mean_across_runs,5,0.9636079249217936,0.009215245503768803,25.6,24.6,3.5258602711157456,0.014049085,10
kr-vs-kp,antihorn,depth_mean_across_runs,7,0.9937434827945776,0.003963070646851338,47.6,46.6,4.776538060479666,0.019766256,10
kr-vs-kp,horn,depth_mean_across_runs,5,0.9635036496350364,0.009063889336395735,25.6,24.6,3.8583941605839414,0.014011987200000001,10
kr-vs-kp,horn,depth_mean_across_runs,7,0.9941605839416058,0.0029575317881379887,47.8,46.8,4.801564129301356,0.0197106165,10
kr-vs-kp,square2cnf,depth_mean_across_runs,5,0.965067778936392,0.005523200758453481,25.6,49.2,4.858289885297184,0.0757754179,10
kr-vs-kp,square2cnf,depth_mean_across_runs,7,0.9937434827945776,0.00230561334053204,46.6,91.2,6.0958289885297186,0.1260472054,10
kr-vs-kp,unary,depth_mean_across_runs,5,0.9393117831074035,0.0031011064335343696,18.6,8.8,2.176538060479666,0.0082592452,10
kr-vs-kp,unary,depth_mean_across_runs,7,0.9647549530761209,0.005664664243993987,35.4,17.2,3.319186652763295,0.0103291976,10
letter,affine,depth_mean_across_runs,5,0.9754166666666666,0.002448544541226589,31.0,33.8,3.126333333333333,0.260081781,10
letter,affine,depth_mean_across_runs,7,0.9874499999999999,0.0010571625194797203,64.8,75.7,6.055266666666666,0.48675922419999995,10
letter,antihorn,depth_mean_across_runs,5,0.9876833333333334,0.0016033337183337056,46.2,45.2,4.203799999999999,0.2685084794,10
letter,antihorn,depth_mean_across_runs,7,0.9903833333333333,0.0011601670803469853,99.6,98.6,6.012449999999999,0.40922189070000003,10
letter,horn,depth_mean_across_runs,5,0.9876833333333334,0.0016033337183337056,46.2,45.2,4.324916666666667,0.26701798860000003,10
letter,horn,depth_mean_across_runs,7,0.9903833333333333,0.0011601670803469853,99.6,98.6,6.300166666666667,0.4143074579,10
letter,square2cnf,depth_mean_across_runs,5,0.9876833333333334,0.0016033337183337056,46.2,90.4,5.04045,0.989026621,10
letter,square2cnf,depth_mean_across_runs,7,0.9904,0.0011471919554790731,99.6,197.2,7.410466666666667,1.9714103017,10
letter,unary,depth_mean_across_runs,5,0.9746166666666667,0.00169066062038874,36.0,17.5,1.7967166666666667,0.1871696275,10
letter,unary,depth_mean_across_runs,7,0.9881333333333334,0.0011243653902820773,77.2,38.1,3.79855,0.2598340068,10
letter_recognition-bin,affine,depth_mean_across_runs,5,0.9887833333333333,0.0026667245364090787,45.4,54.4,7.6817166666666665,0.40395239610000006,10
letter_recognition-bin,affine,depth_mean_across_runs,7,0.9921833333333332,0.0008834905520465478,86.2,104.0,8.48275,0.7345564992,10
letter_recognition-bin,antihorn,depth_mean_across_runs,5,0.9945999999999999,0.0008210201423071881,47.6,46.6,5.4193,0.3058375612,10
letter_recognition-bin,antihorn,depth_mean_across_runs,7,0.9964166666666667,0.0011310707261945878,75.6,74.6,6.8970166666666675,0.3939685017,10
letter_recognition-bin,horn,depth_mean_across_runs,5,0.9939833333333332,0.0006594516989210824,43.0,42.0,2.7847166666666667,0.31219914260000003,10
letter_recognition-bin,horn,depth_mean_across_runs,7,0.9957499999999999,0.0009370626551907246,74.0,73.0,5.3899333333333335,0.40271006600000003,10
letter_recognition-bin,square2cnf,depth_mean_across_runs,5,0.9945,0.0012422599874999255,43.6,85.2,4.4714,1.0300499805999999,10
letter_recognition-bin,square2cnf,depth_mean_across_runs,7,0.9964166666666667,0.0012699032722958351,66.6,131.2,6.26225,1.5276549148,10
letter_recognition-bin,unary,depth_mean_across_runs,5,0.9936833333333333,0.0007430750257053962,50.0,24.5,4.06955,0.2709586485,10
letter_recognition-bin,unary,depth_mean_across_runs,7,0.9942499999999999,0.0007338802674234535,84.6,41.8,5.206783333333333,0.332634682,10
lymph,affine,depth_mean_across_runs,5,0.7772727272727272,0.04258627067440972,24.4,30.7,8.4,0.0074546327999999995,10
lymph,affine,depth_mean_across_runs,7,0.7795454545454545,0.04915493393184348,26.2,33.1,8.488636363636363,0.007887738799999999,10
lymph,antihorn,depth_mean_across_runs,5,0.7818181818181819,0.03421693875950367,20.0,19.0,4.193181818181818,0.0019138744,10
lymph,antihorn,depth_mean_across_runs,7,0.7909090909090909,0.05115740307919435,23.0,22.0,4.390909090909091,0.002061833,10
lymph,horn,depth_mean_across_runs,5,0.7931818181818182,0.04724989736215964,20.0,19.0,4.197727272727272,0.0019101518000000002,10
lymph,horn,depth_mean_across_runs,7,0.7954545454545455,0.04909652044248379,22.2,21.2,4.388636363636364,0.0020857731,10
lymph,square2cnf,depth_mean_across_runs,5,0.775,0.05714552171407914,20.6,39.2,5.038636363636364,0.0114366671,10
lymph,square2cnf,depth_mean_across_runs,7,0.7772727272727272,0.05441904544263024,21.8,41.6,5.075,0.0123441506,10
lymph,unary,depth_mean_across_runs,5,0.7977272727272727,0.040726303199138246,26.8,12.9,3.4272727272727272,0.0019443401,10
lymph,unary,depth_mean_across_runs,7,0.7931818181818182,0.04601921984390137,32.0,15.5,3.568181818181818,0.0017752071,10
magic04-bin,affine,depth_mean_across_runs,5,0.8109008061689449,0.004074213289908342,62.4,66.9,6.54018576936558,0.4862918337,10
magic04-bin,affine,depth_mean_across_runs,7,0.8281282860147213,0.005065925349620475,227.4,248.3,11.927304591657904,1.6129481703,10
magic04-bin,antihorn,depth_mean_across_runs,5,0.8291272344900106,0.006737603500434982,61.2,60.2,4.840466175955135,0.1527731178,10
magic04-bin,antihorn,depth_mean_across_runs,7,0.8384682790045567,0.006598420353689013,204.2,203.2,7.528356116368736,0.3618284683,10
magic04-bin,horn,depth_mean_across_runs,5,0.8281107606028743,0.005310453635394478,62.8,61.8,5.420417104801963,0.1556195256,10
magic04-bin,horn,depth_mean_across_runs,7,0.8395022783035401,0.00572723261140986,228.6,227.6,9.00329477742727,0.3936805544,10
magic04-bin,square2cnf,depth_mean_across_runs,5,0.8337188923939711,0.004621158635428675,61.4,120.8,5.727269540834209,1.2219124021999999,10
magic04-bin,square2cnf,depth_mean_across_runs,7,0.8410269891342447,0.0037998229221932888,215.8,429.6,9.513249211356467,5.540730870599999,10
magic04-bin,unary,depth_mean_across_runs,5,0.8247809323519103,0.006613272982110126,63.0,31.0,3.4164563617245007,0.0926300091,10
magic04-bin,unary,depth_mean_across_runs,7,0.8395022783035401,0.005215131217555775,222.0,110.5,6.325516999649492,0.1729610452,10
messidor-bin,affine,depth_mean_across_runs,5,0.6231884057971014,0.024746373864474737,34.4,37.0,7.370434782608696,0.026828647,10
messidor-bin,affine,depth_mean_across_runs,7,0.6391304347826087,0.029850225518406572,60.0,67.0,10.035072463768115,0.0475973022,10
messidor-bin,antihorn,depth_mean_across_runs,5,0.6431884057971015,0.0207875468297634,41.8,40.8,5.032173913043478,0.0099601964,10
messidor-bin,antihorn,depth_mean_across_runs,7,0.6255072463768115,0.030178353819873303,84.0,83.0,7.636521739130434,0.0161306537,10
messidor-bin,horn,depth_mean_across_runs,5,0.6342028985507246,0.02738921683463113,46.8,45.8,6.423768115942029,0.0105582781,10
messidor-bin,horn,depth_mean_across_runs,7,0.6365217391304347,0.026782636579723518,103.0,102.0,9.244927536231884,0.0194554922,10
messidor-bin,square2cnf,depth_mean_across_runs,5,0.6246376811594203,0.016467691351748123,42.4,82.8,7.090434782608696,0.0705684042,10
messidor-bin,square2cnf,depth_mean_across_runs,7,0.6382608695652174,0.011817495537329978,90.2,178.4,10.22231884057971,0.15073625159999998,10
messidor-bin,unary,depth_mean_across_runs,5,0.6434782608695653,0.01807563954963257,45.4,22.2,4.338550724637681,0.0057590105,10
messidor-bin,unary,depth_mean_across_runs,7,0.6252173913043478,0.015522213494362476,94.2,46.6,6.5031884057971014,0.009445395200000001,10
mushroom,affine,depth_mean_across_runs,5,0.9944193680755028,0.0016774405380118823,13.0,13.1,5.077472302010669,0.05701395930000001,10
mushroom,affine,depth_mean_across_runs,7,0.9999179318834633,0.00025952217153615284,17.6,19.4,6.28645876077144,0.06521589380000001,10
mushroom,antihorn,depth_mean_across_runs,5,0.9998768978251948,0.0003892832573042367,14.6,13.6,3.461551087402544,0.0371469968,10
mushroom,antihorn,depth_mean_across_runs,7,0.9998768978251948,0.0003892832573042367,14.8,13.8,3.4644234714813296,0.0372605632,10
mushroom,horn,depth_mean_across_runs,5,0.9998768978251948,0.0003892832573042367,16.6,15.6,3.7151415675010258,0.037983488999999995,10
mushroom,horn,depth_mean_across_runs,7,0.9998768978251948,0.0003892832573042367,16.8,15.8,3.718013951579811,0.0382204332,10
mushroom,square2cnf,depth_mean_across_runs,5,0.9998768978251948,0.0003892832573042367,15.0,28.0,3.934961017644645,0.1304832666,10
mushroom,square2cnf,depth_mean_across_runs,7,0.9998768978251948,0.0003892832573042367,15.2,28.4,3.985843249897415,0.1319434881,10
mushroom,unary,depth_mean_across_runs,5,0.999548625359048,0.0004080545449370809,19.0,9.0,3.0941731637258925,0.031001202899999997,10
mushroom,unary,depth_mean_across_runs,7,1.0,0.0,20.4,9.7,3.3890849405006156,0.0306521675,10
pendigits,affine,depth_mean_across_runs,5,0.9944839857651246,0.0010733666115572285,42.8,55.4,8.41935053380783,0.1750148912,10
pendigits,affine,depth_mean_across_runs,7,0.9952402135231317,0.0010067761089423758,59.2,78.0,10.04497330960854,0.2157444506,10
pendigits,antihorn,depth_mean_across_runs,5,0.9949288256227758,0.0013782858883301138,32.2,31.2,5.925533807829181,0.0767974296,10
pendigits,antihorn,depth_mean_across_runs,7,0.9962633451957295,0.0018662079148935118,44.4,43.4,6.184475088967972,0.0887704532,10
pendigits,horn,depth_mean_across_runs,5,0.9949288256227758,0.0013782858883301138,32.2,31.2,5.925400355871886,0.0776323921,10
pendigits,horn,depth_mean_across_runs,7,0.9962633451957295,0.0018662079148935118,44.4,43.4,6.184252669039146,0.08810301670000001,10
pendigits,square2cnf,depth_mean_across_runs,5,0.9949288256227758,0.0013782858883301138,32.2,62.4,6.510943060498221,0.2688268137,10
pendigits,square2cnf,depth_mean_across_runs,7,0.9962633451957295,0.0018662079148935118,44.4,86.8,6.638256227758006,0.3517864772,10
pendigits,unary,depth_mean_across_runs,5,0.9958185053380783,0.001244138609928998,39.2,19.1,3.4065836298932384,0.0693268906,10
pendigits,unary,depth_mean_across_runs,7,0.9961743772241993,0.0018184709035297065,52.4,25.7,4.061476868327402,0.0716541874,10
primary-tumor,affine,depth_mean_across_runs,5,0.7782178217821782,0.03404302827254821,46.0,50.9,6.576237623762377,0.013021696999999999,10
primary-tumor,affine,depth_mean_across_runs,7,0.7613861386138614,0.03506746259838811,79.2,88.9,8.3,0.0200890408,10
primary-tumor,antihorn,depth_mean_across_runs,5,0.8089108910891089,0.03301979785684688,39.0,38.0,4.142574257425743,0.0030107738000000003,10
primary-tumor,antihorn,depth_mean_across_runs,7,0.7792079207920792,0.04043409411430173,69.2,68.2,5.386138613861386,0.0040129949,10
primary-tumor,horn,depth_mean_across_runs,5,0.8128712871287128,0.0318101142178785,38.8,37.8,4.2267326732673265,0.0027181063,10
primary-tumor,horn,depth_mean_across_runs,7,0.7801980198019802,0.0400959539233992,68.6,67.6,5.472277227722772,0.0038820323,10
primary-tumor,square2cnf,depth_mean_across_runs,5,0.807920792079208,0.03436149197312307,39.0,76.0,4.75940594059406,0.0231997176,10
primary-tumor,square2cnf,depth_mean_across_runs,7,0.7762376237623763,0.035911473290390614,69.2,136.4,6.300990099009901,0.039098699199999996,10
primary-tumor,unary,depth_mean_across_runs,5,0.8138613861386139,0.028695795537008774,42.6,20.8,3.3772277227722776,0.0014761346,10
primary-tumor,unary,depth_mean_across_runs,7,0.7970297029702971,0.03939714978981293,74.0,36.5,4.282178217821782,0.0020761664,10
segment,affine,depth_mean_across_runs,5,0.9974025974025974,0.002017910241789599,11.2,15.3,5.752525252525253,0.0197621187,10
segment,affine,depth_mean_across_runs,7,0.9974025974025974,0.002017910241789599,11.6,15.9,5.763347763347763,0.0202032026,10
segment,antihorn,depth_mean_across_runs,5,0.9971139971139971,0.0015210570755979976,11.4,10.4,2.8466089466089466,0.0157939568,10
segment,antihorn,depth_mean_across_runs,7,0.9971139971139971,0.0015210570755979976,11.4,10.4,2.8466089466089466,0.015700818499999998,10
segment,horn,depth_mean_across_runs,5,0.9971139971139971,0.0015210570755979976,11.4,10.4,2.8466089466089466,0.0157841097,10
segment,horn,depth_mean_across_runs,7,0.9971139971139971,0.0015210570755979976,11.4,10.4,2.8466089466089466,0.0157754586,10
segment,square2cnf,depth_mean_across_runs,5,0.9971139971139971,0.0015210570755979976,11.4,20.8,2.8466089466089466,0.0335600833,10
segment,square2cnf,depth_mean_across_runs,7,0.9971139971139971,0.0015210570755979976,11.4,20.8,2.8466089466089466,0.0334485608,10
segment,unary,depth_mean_across_runs,5,0.9972582972582972,0.0023017770301116684,11.2,5.1,1.9184704184704184,0.01274509,10
segment,unary,depth_mean_across_runs,7,0.9972582972582972,0.0023017770301116684,11.6,5.3,1.922222222222222,0.012800589000000001,10
seismic_bumps-bin,affine,depth_mean_across_runs,5,0.9132903225806451,0.00787930694025256,40.0,42.3,4.846193548387097,0.0544397906,10
seismic_bumps-bin,affine,depth_mean_across_runs,7,0.9083870967741936,0.00944279501079578,79.4,87.4,6.643096774193549,0.1007508381,10
seismic_bumps-bin,antihorn,depth_mean_across_runs,5,0.9158709677419354,0.006488781820437327,50.2,49.2,3.749290322580645,0.0200575747,10
seismic_bumps-bin,antihorn,depth_mean_across_runs,7,0.9050322580645161,0.008096995527397928,107.8,106.8,6.060774193548387,0.033805055,10
seismic_bumps-bin,horn,depth_mean_across_runs,5,0.9158709677419354,0.006601835304722548,49.2,48.2,3.535354838709677,0.0194119235,10
seismic_bumps-bin,horn,depth_mean_across_runs,7,0.9070967741935483,0.006551202671710903,107.0,106.0,6.273161290322581,0.0335746615,10
seismic_bumps-bin,square2cnf,depth_mean_across_runs,5,0.9148387096774193,0.004551830212584229,48.8,95.6,5.210967741935484,0.13757079690000001,10
seismic_bumps-bin,square2cnf,depth_mean_across_runs,7,0.9014193548387096,0.011922593058070478,105.4,208.8,7.9166451612903215,0.2967164862,10
seismic_bumps-bin,unary,depth_mean_across_runs,5,0.9166451612903226,0.003557173871507207,47.6,23.3,2.4761290322580645,0.0113803821,10
seismic_bumps-bin,unary,depth_mean_across_runs,7,0.9100645161290324,0.005090918100275334,105.4,52.2,4.732645161290323,0.017788950300000002,10
soybean,affine,depth_mean_across_runs,5,0.9375661375661375,0.016317507592550774,24.6,26.3,5.61005291005291,0.014564277300000001,10
soybean,affine,depth_mean_across_runs,7,0.9354497354497354,0.026955870440272037,41.8,46.9,7.1153439153439155,0.0227632795,10
soybean,antihorn,depth_mean_across_runs,5,0.9417989417989417,0.020567731551482567,35.8,34.8,4.182010582010582,0.0042812852,10
soybean,antihorn,depth_mean_across_runs,7,0.9365079365079364,0.021310486725916362,51.6,50.6,4.688888888888888,0.0053540068,10
soybean,horn,depth_mean_across_runs,5,0.928042328042328,0.022613503244902414,31.8,30.8,3.7582010582010583,0.0036687206,10
soybean,horn,depth_mean_across_runs,7,0.9349206349206349,0.015385416922444065,45.4,44.4,4.3730158730158735,0.0048652443,10
soybean,square2cnf,depth_mean_across_runs,5,0.9375661375661375,0.019448393301009118,30.2,58.4,5.2100529100529105,0.031982387200000004,10
soybean,square2cnf,depth_mean_across_runs,7,0.9354497354497354,0.017601375590652134,41.6,81.2,5.678835978835979,0.0433839597,10
soybean,unary,depth_mean_across_runs,5,0.9074074074074074,0.024973196223115172,24.0,11.5,2.635978835978836,0.0022019434,10
soybean,unary,depth_mean_across_runs,7,0.9328042328042327,0.02366866689152846,46.2,22.6,3.8783068783068786,0.0025488818,10
splice-1,affine,depth_mean_across_runs,5,0.9454545454545455,0.007185675769127169,47.6,52.4,6.642006269592477,0.0943577508,10
splice-1,affine,depth_mean_across_runs,7,0.9391849529780563,0.008045901619216082,108.6,127.8,9.156217345872518,0.2134810908,10
splice-1,antihorn,depth_mean_across_runs,5,0.9379310344827587,0.006612401240033044,30.4,29.4,3.5889237199582027,0.0446609039,10
splice-1,antihorn,depth_mean_across_runs,7,0.9375130616509928,0.007939650377739664,62.2,61.2,5.133542319749216,0.0688756876,10
splice-1,horn,depth_mean_across_runs,5,0.9552769070010448,0.0057823771423050055,43.4,42.4,4.6299895506792055,0.0535457565,10
splice-1,horn,depth_mean_across_runs,7,0.9532915360501567,0.007615986741987725,74.8,73.8,6.1854754440961335,0.0757839663,10
splice-1,square2cnf,depth_mean_across_runs,5,0.9498432601880877,0.006269592476489047,36.4,70.8,4.693939393939393,0.1872713655,10
splice-1,square2cnf,depth_mean_across_runs,7,0.9411703239289446,0.005703155518981801,63.8,125.6,6.573354231974922,0.3099932515,10
splice-1,unary,depth_mean_across_runs,5,0.958098223615465,0.00501010759661706,46.4,22.7,3.3809822361546495,0.041783605200000004,10
splice-1,unary,depth_mean_across_runs,7,0.9515151515151515,0.004328031923931481,102.2,50.6,5.20146290491118,0.07453771769999999,10
taiwan_binarised,affine,depth_mean_across_runs,5,0.8155888888888889,0.009261932947308524,61.8,64.3,5.6274444444444445,0.7618763226,10
taiwan_binarised,affine,depth_mean_across_runs,7,0.8183888888888889,0.0023041978748286336,203.0,220.3,9.292322222222221,2.7470606737,10
taiwan_binarised,antihorn,depth_mean_across_runs,5,0.8216000000000001,0.002525154655791472,62.2,61.2,4.963522222222222,0.491219765,10
taiwan_binarised,antihorn,depth_mean_across_runs,7,0.8173888888888889,0.0021380670218328368,215.4,214.4,10.299277777777778,1.1124627070000002,10
taiwan_binarised,horn,depth_mean_across_runs,5,0.8214444444444444,0.0022277708506403962,61.0,60.0,3.8248333333333333,0.4726008719,10
taiwan_binarised,horn,depth_mean_across_runs,7,0.8192,0.0025535687392154727,191.8,190.8,8.592533333333332,1.0051564106000002,10
taiwan_binarised,square2cnf,depth_mean_across_runs,5,0.8204333333333332,0.0023215162256021112,61.6,121.2,6.283566666666667,1.9401850206,10
taiwan_binarised,square2cnf,depth_mean_across_runs,7,0.8173333333333334,0.0019309052441091798,208.0,414.0,12.220333333333333,8.0355656224,10
taiwan_binarised,unary,depth_mean_across_runs,5,0.821288888888889,0.0026320802352670647,60.6,29.8,3.0712666666666664,0.3530611903,10
taiwan_binarised,unary,depth_mean_across_runs,7,0.8202666666666666,0.0026543956348963702,189.4,94.2,7.542433333333333,0.6952275248,10
tic-tac-toe,affine,depth_mean_across_runs,5,0.8501742160278745,0.03413922986457394,47.4,50.4,6.799651567944251,0.036208782300000006,10
tic-tac-toe,affine,depth_mean_across_runs,7,0.8773519163763066,0.03448519128435888,100.4,113.5,8.432055749128919,0.0624348594,10
tic-tac-toe,antihorn,depth_mean_across_runs,5,0.8731707317073172,0.026341914057765065,32.6,31.6,4.268989547038328,0.0048148472,10
tic-tac-toe,antihorn,depth_mean_across_runs,7,0.9114982578397213,0.02878872638295878,61.0,60.0,5.042857142857143,0.0078290744,10
tic-tac-toe,horn,depth_mean_across_runs,5,0.9034843205574912,0.0259731890025356,35.2,34.2,4.393728222996516,0.0049486196,10
tic-tac-toe,horn,depth_mean_across_runs,7,0.9317073170731707,0.029528917225683047,59.2,58.2,5.058536585365854,0.007191102,10
tic-tac-toe,square2cnf,depth_mean_across_runs,5,0.867595818815331,0.030903913346457815,37.2,72.4,5.166550522648083,0.0699014735,10
tic-tac-toe,square2cnf,depth_mean_across_runs,7,0.9069686411149827,0.018220179675978374,72.8,143.6,6.037630662020906,0.13114650320000001,10
tic-tac-toe,unary,depth_mean_across_runs,5,0.8989547038327526,0.019778613665419796,43.8,21.4,3.9560975609756097,0.0024168059,10
tic-tac-toe,unary,depth_mean_across_runs,7,0.9324041811846691,0.01800794187532102,85.8,42.4,4.398954703832753,0.0033225725,10
titanic-un,affine,depth_mean_across_runs,5,0.8090225563909774,0.021028748835491766,35.4,43.1,8.414285714285715,0.0243773507,10
titanic-un,affine,depth_mean_across_runs,7,0.8075187969924812,0.027727953255016213,63.0,76.8,11.457518796992481,0.040417012,10
titanic-un,antihorn,depth_mean_across_runs,5,0.8101503759398495,0.02476324917966103,40.4,39.4,5.170676691729324,0.022026373199999998,10
titanic-un,antihorn,depth_mean_across_runs,7,0.7988721804511278,0.02030307236343316,72.0,71.0,7.8274436090225565,0.0298988173,10
titanic-un,horn,depth_mean_across_runs,5,0.8172932330827068,0.02029920474317451,39.8,38.8,5.254887218045113,0.021630922,10
titanic-un,horn,depth_mean_across_runs,7,0.8030075187969924,0.02270903516806876,76.6,75.6,7.870300751879699,0.031315704900000005,10
titanic-un,square2cnf,depth_mean_across_runs,5,0.812781954887218,0.024543495082396186,41.8,81.6,5.605263157894737,0.0582412195,10
titanic-un,square2cnf,depth_mean_across_runs,7,0.806015037593985,0.017827989216820817,78.6,155.2,8.059022556390977,0.10264587750000001,10
titanic-un,unary,depth_mean_across_runs,5,0.812781954887218,0.022332500661599444,43.8,21.4,3.6669172932330825,0.0196418273,10
titanic-un,unary,depth_mean_across_runs,7,0.793984962406015,0.017072066532257044,80.6,39.8,5.729323308270677,0.030038887800000004,10
vehicle,affine,depth_mean_across_runs,5,0.9362204724409449,0.01835394618062683,32.4,41.9,8.702755905511811,0.021888206,10
vehicle,affine,depth_mean_across_runs,7,0.9389763779527559,0.01220542994602244,49.0,65.9,10.112204724409448,0.0322685746,10
vehicle,antihorn,depth_mean_across_runs,5,0.9370078740157479,0.01981583841278406,29.4,28.4,4.640157480314961,0.0147246814,10
vehicle,antihorn,depth_mean_across_runs,7,0.9440944881889763,0.018999434195122122,42.4,41.4,5.2177165354330715,0.0178971506,10
vehicle,horn,depth_mean_across_runs,5,0.9370078740157479,0.01981583841278406,29.4,28.4,4.636614173228347,0.014815803999999998,10
vehicle,horn,depth_mean_across_runs,7,0.9440944881889763,0.018999434195122122,42.4,41.4,5.224409448818898,0.0176886181,10
vehicle,square2cnf,depth_mean_across_runs,5,0.9370078740157479,0.01981583841278406,29.4,56.8,4.97244094488189,0.039789232699999996,10
vehicle,square2cnf,depth_mean_across_runs,7,0.9440944881889763,0.018999434195122122,42.4,82.8,5.616141732283465,0.0527350891,10
vehicle,unary,depth_mean_across_runs,5,0.9350393700787402,0.017035111529851876,31.2,15.1,3.476377952755905,0.0141976194,10
vehicle,unary,depth_mean_across_runs,7,0.9515748031496063,0.014381908863829396,48.8,23.9,4.180708661417323,0.018418147000000003,10
vote,affine,depth_mean_across_runs,5,0.9276923076923076,0.02089389619227011,28.4,33.1,6.389230769230769,0.0131113539,10
vote,affine,depth_mean_across_runs,7,0.9276923076923076,0.021514027654772283,32.6,38.2,6.633076923076923,0.0154839605,10
vote,antihorn,depth_mean_across_runs,5,0.9376923076923077,0.016794382455192644,22.0,21.0,3.46,0.0024520576,10
vote,antihorn,depth_mean_across_runs,7,0.936923076923077,0.016135520741079247,24.6,23.6,3.5746153846153845,0.0026902032,10
vote,horn,depth_mean_across_runs,5,0.9307692307692307,0.027135910882713728,22.6,21.6,3.596923076923077,0.0024901197,10
vote,horn,depth_mean_across_runs,7,0.9323076923076924,0.022587400559533562,25.2,24.2,3.6707692307692312,0.0026525369,10
vote,square2cnf,depth_mean_across_runs,5,0.9330769230769231,0.026904755670922407,19.4,36.8,3.5015384615384613,0.0179469273,10
vote,square2cnf,depth_mean_across_runs,7,0.9330769230769231,0.025396267721875674,22.4,42.8,3.606923076923077,0.0204848539,10
vote,unary,depth_mean_across_runs,5,0.9453846153846154,0.02033577441938292,27.6,13.3,2.9899999999999998,0.0016669755000000002,10
vote,unary,depth_mean_across_runs,7,0.9430769230769231,0.01959484428158233,32.2,15.6,3.1146153846153846,0.0018286328,10
wine1-un,affine,depth_mean_across_runs,5,0.6886792452830188,0.04727451691312236,11.2,10.3,8.903773584905661,0.0137696494,10
wine1-un,affine,depth_mean_across_runs,7,0.6849056603773584,0.04793921761046418,15.4,14.6,11.890566037735848,0.0182435494,10
wine1-un,antihorn,depth_mean_across_runs,5,0.6981132075471698,0.041718550822080494,11.0,10.0,8.735849056603772,0.0162802383,10
wine1-un,antihorn,depth_mean_across_runs,7,0.7188679245283018,0.0326196288802263,15.0,14.0,11.667924528301887,0.02033943,10
wine1-un,horn,depth_mean_across_runs,5,0.6849056603773584,0.04176593136071444,11.4,10.4,4.292452830188679,0.016720562,10
wine1-un,horn,depth_mean_across_runs,7,0.6811320754716981,0.04307143061198471,15.4,14.4,5.879245283018868,0.022120101,10
wine1-un,square2cnf,depth_mean_across_runs,5,0.6962264150943396,0.04119376828632157,11.0,20.0,8.877358490566039,0.0217251968,10
wine1-un,square2cnf,depth_mean_across_runs,7,0.7113207547169811,0.037788223612075005,15.0,28.0,12.054716981132076,0.0284296559,10
wine1-un,unary,depth_mean_across_runs,5,0.6943396226415094,0.042470296895934886,11.2,5.1,4.211320754716981,0.0372768975,10
wine1-un,unary,depth_mean_across_runs,7,0.6943396226415094,0.04247029689593494,15.2,7.1,5.815094339622641,0.0505809572,10
wine2-un,affine,depth_mean_across_runs,5,0.6509433962264151,0.031130487222049245,13.6,13.7,9.09245283018868,0.0159149484,10
wine2-un,affine,depth_mean_across_runs,7,0.660377358490566,0.034447959591519875,18.2,18.4,12.29245283018868,0.020979999,10
wine2-un,antihorn,depth_mean_across_runs,5,0.6622641509433962,0.044870588633300554,13.6,12.6,8.90754716981132,0.0159084096,10
wine2-un,antihorn,depth_mean_across_runs,7,0.6660377358490566,0.03882087889814078,17.8,16.8,11.941509433962263,0.0207703193,10
wine2-un,horn,depth_mean_across_runs,5,0.6566037735849056,0.03421753587103255,13.2,12.2,4.684905660377359,0.0166443712,10
wine2-un,horn,depth_mean_across_runs,7,0.6566037735849056,0.034217535871032566,18.6,17.6,6.39056603773585,0.0219610213,10
wine2-un,square2cnf,depth_mean_across_runs,5,0.6622641509433962,0.044870588633300554,13.6,25.2,8.971698113207548,0.0229360474,10
wine2-un,square2cnf,depth_mean_across_runs,7,0.6660377358490566,0.03882087889814078,17.8,33.6,12.013207547169811,0.029141306999999998,10
wine2-un,unary,depth_mean_across_runs,5,0.620754716981132,0.0338105158634355,13.2,6.1,4.615094339622642,0.037282797900000005,10
wine2-un,unary,depth_mean_across_runs,7,0.6320754716981132,0.033575717773683345,18.4,8.7,6.343396226415094,0.050057860499999995,10
wine3-un,affine,depth_mean_across_runs,5,0.749056603773585,0.04270250363966783,11.4,10.5,9.367924528301888,0.0141054883,10
wine3-un,affine,depth_mean_across_runs,7,0.7377358490566037,0.04307143061198476,17.0,16.4,12.609433962264152,0.0193737556,10
wine3-un,antihorn,depth_mean_across_runs,5,0.7471698113207548,0.0570908463794225,11.6,10.6,9.056603773584907,0.0160106472,10
wine3-un,antihorn,depth_mean_across_runs,7,0.7283018867924528,0.057090846379422515,17.8,16.8,12.239622641509435,0.020446593199999998,10
wine3-un,horn,depth_mean_across_runs,5,0.7339622641509435,0.03922632988556653,12.4,11.4,4.79433962264151,0.0163174216,10
wine3-un,horn,depth_mean_across_runs,7,0.7339622641509435,0.03715485657293571,17.6,16.6,6.560377358490567,0.021271716099999997,10
wine3-un,square2cnf,depth_mean_across_runs,5,0.7452830188679245,0.057125478379197986,11.6,21.2,9.173584905660377,0.022460183,10
wine3-un,square2cnf,depth_mean_across_runs,7,0.7264150943396226,0.05572341241090994,17.8,33.6,12.469811320754717,0.0304079033,10
wine3-un,unary,depth_mean_across_runs,5,0.7471698113207548,0.02697812652770724,12.6,5.8,4.760377358490566,0.037748067,10
wine3-un,unary,depth_mean_across_runs,7,0.7547169811320755,0.02668327476175654,17.6,8.3,6.6,0.0511076679,10
winequality-red-bin,affine,depth_mean_across_runs,5,0.9889583333333333,0.007352589406981385,22.6,23.3,3.2895833333333337,0.020370273,10
winequality-red-bin,affine,depth_mean_across_runs,7,0.9860416666666666,0.006878155841341367,29.4,31.6,3.8485416666666667,0.0250092105,10
winequality-red-bin,antihorn,depth_mean_across_runs,5,0.9879166666666667,0.004585437227560869,23.2,22.2,2.737708333333333,0.0048899409,10
winequality-red-bin,antihorn,depth_mean_across_runs,7,0.9877083333333333,0.004218428485690969,27.6,26.6,2.978125,0.005356620899999999,10
winequality-red-bin,horn,depth_mean_across_runs,5,0.9908333333333333,0.0037008090540205218,20.4,19.4,2.705416666666667,0.0044794789,10
winequality-red-bin,horn,depth_mean_across_runs,7,0.99,0.004370036867375626,25.4,24.4,3.2556249999999998,0.0051081202999999995,10
winequality-red-bin,square2cnf,depth_mean_across_runs,5,0.9883333333333335,0.003136552719621189,21.2,40.4,3.4389583333333333,0.042829941100000005,10
winequality-red-bin,square2cnf,depth_mean_across_runs,7,0.9877083333333333,0.0038602616971354425,24.2,46.4,3.741458333333333,0.0488347981,10
winequality-red-bin,unary,depth_mean_across_runs,5,0.9916666666666666,0.0036746545987008266,27.8,13.4,2.2629166666666665,0.0025251246,10
winequality-red-bin,unary,depth_mean_across_runs,7,0.9895833333333334,0.0039283710065919535,37.4,18.2,3.3466666666666667,0.0028243605000000003,10
yeast,affine,depth_mean_across_runs,5,0.6959550561797754,0.019649183715411998,36.4,40.6,5.764943820224719,0.027447858799999995,10
yeast,affine,depth_mean_across_runs,7,0.7002247191011236,0.022700460733933562,83.6,96.5,10.814831460674158,0.0634118608,10
yeast,antihorn,depth_mean_across_runs,5,0.717752808988764,0.01734854747471351,45.2,44.2,5.088314606741573,0.012193224499999999,10
yeast,antihorn,depth_mean_across_runs,7,0.710561797752809,0.028203018129138786,111.8,110.8,8.17370786516854,0.0231462698,10
yeast,horn,depth_mean_across_runs,5,0.717752808988764,0.01734854747471351,45.2,44.2,5.074606741573033,0.011862459799999999,10
yeast,horn,depth_mean_across_runs,7,0.710561797752809,0.028203018129138786,111.8,110.8,8.191460674157304,0.0232737417,10
yeast,square2cnf,depth_mean_across_runs,5,0.7170786516853933,0.017897763119250742,45.2,88.4,5.524494382022472,0.0673935427,10
yeast,square2cnf,depth_mean_across_runs,7,0.7098876404494382,0.028708787435315263,111.8,221.6,9.072359550561798,0.1561003141,10
yeast,unary,depth_mean_across_runs,5,0.7107865168539326,0.0250247811642722,41.6,20.3,3.5469662921348317,0.007679130500000001,10
yeast,unary,depth_mean_across_runs,7,0.7040449438202248,0.01953462693842309,111.6,55.3,5.994831460674158,0.0143489003,10
HTRU_2-bin,affine,overall_mean_across_runs_and_depths,all,0.9732073011734028,0.002097044414696479,108.9,119.9,9.238694356490967,0.6205794368,10
HTRU_2-bin,antihorn,overall_mean_across_runs_and_depths,all,0.9750046563605885,0.002273605286424642,115.7,114.7,5.109498975600671,0.1805873388,10
HTRU_2-bin,horn,overall_mean_across_runs_and_depths,all,0.9754702924194449,0.0018655806483324458,108.8,107.8,4.763550009312722,0.17181476215,10
HTRU_2-bin,square2cnf,overall_mean_across_runs_and_depths,all,0.9754982305829764,0.0022646536933673684,110.4,218.8,5.3350996461165945,2.00108264015,10
HTRU_2-bin,unary,overall_mean_across_runs_and_depths,all,0.9761035574594896,0.0017865918705667234,111.9,55.45,2.2766436952877633,0.08170480515,10
IndiansDiabetes-bin,affine,overall_mean_across_runs_and_depths,all,0.6950000000000001,0.027070512655972535,81.8,89.85,8.969565217391304,0.04489448405,10
IndiansDiabetes-bin,antihorn,overall_mean_across_runs_and_depths,all,0.735,0.02633274749598856,70.1,69.1,6.041521739130435,0.007263361899999999,10
IndiansDiabetes-bin,horn,overall_mean_across_runs_and_depths,all,0.7095652173913043,0.03203072845591212,75.0,74.0,6.567826086956522,0.0078810131,10
IndiansDiabetes-bin,square2cnf,overall_mean_across_runs_and_depths,all,0.7067391304347825,0.034624210268578155,75.0,148.0,7.690869565217392,0.0904923257,10
IndiansDiabetes-bin,unary,overall_mean_across_runs_and_depths,all,0.74,0.026712559587531836,77.6,38.3,4.79804347826087,0.0035979726,10
Statlog_satellite-bin,affine,overall_mean_across_runs_and_depths,all,0.9232706766917292,0.02098960972420481,57.3,74.0,10.929172932330827,0.15383604145000002,10
Statlog_satellite-bin,antihorn,overall_mean_across_runs_and_depths,all,0.9503383458646617,0.01559412386662955,38.7,37.7,4.945676691729323,0.114605014,10
Statlog_satellite-bin,horn,overall_mean_across_runs_and_depths,all,0.9404887218045113,0.022173608704945173,42.2,41.2,5.664586466165414,0.1175579264,10
Statlog_satellite-bin,square2cnf,overall_mean_across_runs_and_depths,all,0.9554135338345866,0.013904907222331947,40.4,78.8,5.858045112781955,0.27037193385,10
Statlog_satellite-bin,unary,overall_mean_across_runs_and_depths,all,0.9417669172932331,0.02315583250059528,41.2,20.1,3.692894736842105,0.10459558900000002,10
adult_discretized,affine,overall_mean_across_runs_and_depths,all,0.8527502750275028,0.0023237018720993143,118.5,120.95,7.867662266226622,1.1694975453,10
adult_discretized,antihorn,overall_mean_across_runs_and_depths,all,0.8524312431243125,0.0026995259904537,119.6,118.6,6.944664466446644,0.30037982055,10
adult_discretized,horn,overall_mean_across_runs_and_depths,all,0.8466336633663367,0.0067024460501186765,112.3,111.3,6.265808580858086,0.27077419245,10
adult_discretized,square2cnf,overall_mean_across_runs_and_depths,all,0.8524642464246425,0.003022674810612302,118.1,234.2,8.022898789878989,3.30058122545,10
adult_discretized,unary,overall_mean_across_runs_and_depths,all,0.8431353135313531,0.006392197715162142,97.1,48.05,4.436837183718372,0.14562542235,10
anneal,affine,overall_mean_across_runs_and_depths,all,0.8381147540983607,0.03062605549496529,33.9,37.4,6.5696721311475414,0.0170112566,10
anneal,antihorn,overall_mean_across_runs_and_depths,all,0.8473360655737705,0.030230207937265278,34.5,33.5,5.527254098360656,0.0062213960499999995,10
anneal,horn,overall_mean_across_runs_and_depths,all,0.8442622950819672,0.03040879532346708,34.0,33.0,5.509016393442623,0.0061589464,10
anneal,square2cnf,overall_mean_across_runs_and_depths,all,0.8493852459016393,0.031095132103836284,34.3,66.6,6.146106557377049,0.0316334804,10
anneal,unary,overall_mean_across_runs_and_depths,all,0.8290983606557377,0.026828656325608814,30.6,14.8,2.5622950819672132,0.0042256053,10
audiology,affine,overall_mean_across_runs_and_depths,all,0.9507692307692308,0.0271563061587104,12.6,13.5,4.524615384615385,0.0048512182,10
audiology,antihorn,overall_mean_across_runs_and_depths,all,0.9523076923076923,0.014890862177645976,14.3,13.3,3.3753846153846156,0.002174833,10
audiology,horn,overall_mean_across_runs_and_depths,all,0.9553846153846154,0.01104899763784015,14.2,13.2,3.3984615384615386,0.0022856229,10
audiology,square2cnf,overall_mean_across_runs_and_depths,all,0.953846153846154,0.01729081498304669,13.6,25.2,4.156923076923077,0.0083308938,10
audiology,unary,overall_mean_across_runs_and_depths,all,0.9423076923076923,0.022805420413777606,16.5,7.75,2.566923076923077,0.002277408,10
australian-credit,affine,overall_mean_across_runs_and_depths,all,0.8369897959183673,0.02186496213062017,59.2,71.65,9.666071428571428,0.028867252500000003,10
australian-credit,antihorn,overall_mean_across_runs_and_depths,all,0.8436224489795918,0.025658804569901966,59.4,58.4,6.227551020408163,0.01132493445,10
australian-credit,horn,overall_mean_across_runs_and_depths,all,0.8479591836734693,0.0271795379777511,59.8,58.8,6.290561224489796,0.01122634785,10
australian-credit,square2cnf,overall_mean_across_runs_and_depths,all,0.8448979591836734,0.022780964817336505,57.7,113.4,6.983673469387755,0.0513343157,10
australian-credit,unary,overall_mean_across_runs_and_depths,all,0.8438775510204082,0.028353859353376303,57.9,28.45,4.654081632653061,0.00890815775,10
balance-scale-bin,affine,overall_mean_across_runs_and_depths,all,0.895187165775401,0.021904873493218267,47.4,49.2,4.012299465240642,0.01765629705,10
balance-scale-bin,antihorn,overall_mean_across_runs_and_depths,all,0.904812834224599,0.014680914249267553,33.4,32.4,1.7644385026737968,0.00233475685,10
balance-scale-bin,horn,overall_mean_across_runs_and_depths,all,0.9061497326203207,0.011954435620918604,35.1,34.1,1.5935828877005347,0.002543325,10
balance-scale-bin,square2cnf,overall_mean_across_runs_and_depths,all,0.8933155080213904,0.0221831013717473,40.5,79.0,2.913903743315508,0.045768981599999994,10
balance-scale-bin,unary,overall_mean_across_runs_and_depths,all,0.9008021390374331,0.017129441878106673,54.2,26.6,1.4997326203208556,0.0010949127,10
bank_conv-bin,affine,overall_mean_across_runs_and_depths,all,0.8971976401179941,0.007042676334108146,95.4,105.45,8.643325958702066,0.234733095,10
bank_conv-bin,antihorn,overall_mean_across_runs_and_depths,all,0.8995575221238938,0.006431725286519204,93.7,92.7,6.885840707964602,0.09388293595,10
bank_conv-bin,horn,overall_mean_across_runs_and_depths,all,0.8996312684365781,0.006472981732693951,87.9,86.9,6.800589970501475,0.0890408944,10
bank_conv-bin,square2cnf,overall_mean_across_runs_and_depths,all,0.8973451327433628,0.007484815742035425,90.5,179.0,8.585176991150442,0.44803498825,10
bank_conv-bin,unary,overall_mean_across_runs_and_depths,all,0.9020280235988201,0.006848466869778374,93.1,46.05,6.441740412979351,0.0705916612,10
banknote-bin,affine,overall_mean_across_runs_and_depths,all,0.9783980582524272,0.010532856117383008,36.9,40.4,5.84114077669903,0.025654754800000002,10
banknote-bin,antihorn,overall_mean_across_runs_and_depths,all,0.983859223300971,0.0063623040745712615,35.3,34.3,4.534223300970874,0.0048617947,10
banknote-bin,horn,overall_mean_across_runs_and_depths,all,0.9854368932038835,0.006728254513164881,32.8,31.8,4.4269417475728154,0.0046451421,10
banknote-bin,square2cnf,overall_mean_across_runs_and_depths,all,0.9901699029126213,0.004690316864262348,30.2,58.4,5.053519417475728,0.052097856799999995,10
banknote-bin,unary,overall_mean_across_runs_and_depths,all,0.9811893203883495,0.013032183204980018,38.6,18.8,3.6220873786407766,0.0018388664,10
biodeg-bin,affine,overall_mean_across_runs_and_depths,all,0.8031645569620253,0.022058908274605275,67.4,77.35,11.040822784810127,0.06515848125,10
biodeg-bin,antihorn,overall_mean_across_runs_and_depths,all,0.8113924050632912,0.01656805794114599,66.5,65.5,6.164240506329113,0.029038329950000004,10
biodeg-bin,horn,overall_mean_across_runs_and_depths,all,0.8147151898734177,0.014717383587816723,70.9,69.9,7.2639240506329115,0.02986059035,10
biodeg-bin,square2cnf,overall_mean_across_runs_and_depths,all,0.8164556962025318,0.015366505789035029,69.3,136.6,8.01740506329114,0.1234463527,10
biodeg-bin,unary,overall_mean_across_runs_and_depths,all,0.8134493670886076,0.01943929683604036,69.2,34.1,4.928639240506329,0.025070323,10
breast-cancer-un,affine,overall_mean_across_runs_and_depths,all,0.936829268292683,0.01497046153872645,32.7,36.2,7.482682926829268,0.01868503195,10
breast-cancer-un,antihorn,overall_mean_across_runs_and_depths,all,0.943170731707317,0.010290255175477471,32.0,31.0,4.953414634146341,0.0054162163,10
breast-cancer-un,horn,overall_mean_across_runs_and_depths,all,0.9387804878048781,0.014632006689965518,24.8,23.8,3.9236585365853656,0.004524379,10
breast-cancer-un,square2cnf,overall_mean_across_runs_and_depths,all,0.9434146341463414,0.014366399600812124,22.3,42.6,4.854390243902439,0.02474410695,10
breast-cancer-un,unary,overall_mean_across_runs_and_depths,all,0.9399999999999998,0.01832730997356035,36.6,17.8,3.5892682926829265,0.00409610895,10
breast-wisconsin,affine,overall_mean_across_runs_and_depths,all,0.943170731707317,0.012688356692911344,33.7,43.15,9.216341463414633,0.01601421375,10
breast-wisconsin,antihorn,overall_mean_across_runs_and_depths,all,0.9417073170731708,0.012102342837276398,29.2,28.2,5.749268292682927,0.0062961669,10
breast-wisconsin,horn,overall_mean_across_runs_and_depths,all,0.9417073170731708,0.012102342837276398,29.2,28.2,5.748048780487805,0.00624374945,10
breast-wisconsin,square2cnf,overall_mean_across_runs_and_depths,all,0.9417073170731708,0.012102342837276398,29.4,56.8,6.316585365853658,0.026068312649999998,10
breast-wisconsin,unary,overall_mean_across_runs_and_depths,all,0.9492682926829268,0.015376954646876283,33.9,16.45,4.128292682926829,0.0057373226499999996,10
car-un,affine,overall_mean_across_runs_and_depths,all,0.942084942084942,0.021101161837973587,33.9,35.8,4.168725868725869,0.022908400000000002,10
car-un,antihorn,overall_mean_across_runs_and_depths,all,0.9627413127413128,0.015546550503270848,34.5,33.5,2.992857142857143,0.00547747535,10
car-un,horn,overall_mean_across_runs_and_depths,all,0.96003861003861,0.014242810842366572,26.5,25.5,3.220173745173745,0.0041682665,10
car-un,square2cnf,overall_mean_across_runs_and_depths,all,0.9681467181467183,0.014371682870302323,31.2,60.4,3.6074324324324323,0.070819271,10
car-un,unary,overall_mean_across_runs_and_depths,all,0.9441119691119692,0.023170044695984163,28.4,13.7,2.402123552123552,0.0016152547999999998,10
car_evaluation-bin,affine,overall_mean_across_runs_and_depths,all,0.9316602316602317,0.008006348012867832,39.5,41.75,3.5156370656370655,0.017632028850000002,10
car_evaluation-bin,antihorn,overall_mean_across_runs_and_depths,all,0.9335907335907336,0.012103071374224757,39.1,38.1,2.435135135135135,0.00445491035,10
car_evaluation-bin,horn,overall_mean_across_runs_and_depths,all,0.9352316602316602,0.010433268104967705,43.6,42.6,2.672393822393823,0.00458676875,10
car_evaluation-bin,square2cnf,overall_mean_across_runs_and_depths,all,0.9357142857142857,0.01019795993656198,23.4,44.8,2.8834942084942083,0.05534426525,10
car_evaluation-bin,unary,overall_mean_across_runs_and_depths,all,0.9327220077220078,0.01485192764321041,29.6,14.3,2.2854247104247105,0.00114494895,10
compas_discretized,affine,overall_mean_across_runs_and_depths,all,0.664918918918919,0.010422470350216671,111.1,114.45,8.287594594594594,0.14759284975,10
compas_discretized,antihorn,overall_mean_across_runs_and_depths,all,0.6681891891891892,0.010206849175787071,112.5,111.5,5.810351351351351,0.03437033265,10
compas_discretized,horn,overall_mean_across_runs_and_depths,all,0.667,0.008886271555166792,107.7,106.7,5.307351351351351,0.03156648385,10
compas_discretized,square2cnf,overall_mean_across_runs_and_depths,all,0.6663243243243243,0.01093681898257154,112.8,223.6,6.677972972972974,0.59093025985,10
compas_discretized,unary,overall_mean_across_runs_and_depths,all,0.670972972972973,0.009959512054227859,107.1,53.05,4.324810810810811,0.01146306335,10
diabetes,affine,overall_mean_across_runs_and_depths,all,0.7276086956521739,0.023573626135349586,80.2,97.5,11.261521739130435,0.04114023955,10
diabetes,antihorn,overall_mean_across_runs_and_depths,all,0.7334782608695651,0.0338578439457838,79.4,78.4,7.758478260869566,0.0148870517,10
diabetes,horn,overall_mean_across_runs_and_depths,all,0.7334782608695651,0.0338578439457838,79.4,78.4,7.819130434782609,0.0147246393,10
diabetes,square2cnf,overall_mean_across_runs_and_depths,all,0.7336956521739131,0.03349668131232419,79.3,156.6,9.058695652173913,0.0751935975,10
diabetes,unary,overall_mean_across_runs_and_depths,all,0.7436956521739131,0.030005968961459767,83.5,41.25,5.342173913043478,0.0116845,10
forest-fires-un,affine,overall_mean_across_runs_and_depths,all,0.5370967741935484,0.05282428165070522,19.8,20.65,8.523870967741935,0.0207223886,10
forest-fires-un,antihorn,overall_mean_across_runs_and_depths,all,0.5277419354838709,0.05330831696917869,22.1,21.1,8.96967741935484,0.030237516599999997,10
forest-fires-un,horn,overall_mean_across_runs_and_depths,all,0.5364516129032257,0.05296509695217292,19.6,18.6,4.440322580645161,0.0296832765,10
forest-fires-un,square2cnf,overall_mean_across_runs_and_depths,all,0.5351612903225806,0.05038762067426316,21.9,41.8,9.048064516129033,0.04326069825,10
forest-fires-un,unary,overall_mean_across_runs_and_depths,all,0.5432258064516129,0.05727055747399263,19.5,9.25,4.120322580645161,0.04370520555,10
german-credit,affine,overall_mean_across_runs_and_depths,all,0.6921666666666667,0.019772832682261335,80.2,89.7,13.8085,0.061792361350000005,10
german-credit,antihorn,overall_mean_across_runs_and_depths,all,0.7070000000000001,0.019221698265515615,78.0,77.0,9.408833333333334,0.0178443592,10
german-credit,horn,overall_mean_across_runs_and_depths,all,0.7083333333333333,0.01920952492783765,73.2,72.2,8.976166666666668,0.0166265768,10
german-credit,square2cnf,overall_mean_across_runs_and_depths,all,0.694,0.021537401169194163,76.5,151.0,11.356666666666666,0.10995527085000001,10
german-credit,unary,overall_mean_across_runs_and_depths,all,0.7,0.023841582427170768,80.0,39.5,6.759166666666667,0.01226231305,10
heart-cleveland,affine,overall_mean_across_runs_and_depths,all,0.749438202247191,0.038076810798108505,49.8,63.8,9.462359550561798,0.0178463609,10
heart-cleveland,antihorn,overall_mean_across_runs_and_depths,all,0.7376404494382023,0.043329217768529354,40.3,39.3,5.120224719101124,0.0053118704,10
heart-cleveland,horn,overall_mean_across_runs_and_depths,all,0.7443820224719101,0.04007895913819493,39.9,38.9,5.134269662921349,0.005225575099999999,10
heart-cleveland,square2cnf,overall_mean_across_runs_and_depths,all,0.7404494382022472,0.047516547760876965,40.8,79.6,6.097191011235955,0.027871713600000004,10
heart-cleveland,unary,overall_mean_across_runs_and_depths,all,0.75,0.03803752709450103,51.7,25.35,4.062359550561798,0.0057691198,10
hepatitis,affine,overall_mean_across_runs_and_depths,all,0.802439024390244,0.051830212178976064,26.4,32.95,7.695121951219512,0.00686938865,10
hepatitis,antihorn,overall_mean_across_runs_and_depths,all,0.8036585365853659,0.045095054954389695,24.7,23.7,4.814634146341463,0.0021214157500000002,10
hepatitis,horn,overall_mean_across_runs_and_depths,all,0.8036585365853659,0.045095054954389695,24.7,23.7,4.819512195121951,0.00213592765,10
hepatitis,square2cnf,overall_mean_across_runs_and_depths,all,0.8036585365853659,0.045095054954389695,24.7,47.4,5.5841463414634145,0.01197613555,10
hepatitis,unary,overall_mean_across_runs_and_depths,all,0.7914634146341464,0.056774395431218434,29.2,14.1,3.5341463414634147,0.0021959714,10
hypothyroid,affine,overall_mean_across_runs_and_depths,all,0.9782854209445585,0.002586115099526105,46.7,53.5,4.045379876796714,0.06382660925,10
hypothyroid,antihorn,overall_mean_across_runs_and_depths,all,0.9773100616016427,0.004118916455375893,42.6,41.6,3.3413244353182754,0.017512432,10
hypothyroid,horn,overall_mean_across_runs_and_depths,all,0.9772073921971252,0.004155124459076515,42.6,41.6,3.3328028747433267,0.0180359832,10
hypothyroid,square2cnf,overall_mean_across_runs_and_depths,all,0.9772073921971252,0.004155124459076515,42.5,83.0,3.5503080082135527,0.1080216695,10
hypothyroid,unary,overall_mean_across_runs_and_depths,all,0.9796201232032855,0.003129666805421298,42.3,20.65,1.9315708418891169,0.010565682750000001,10
ionosphere,affine,overall_mean_across_runs_and_depths,all,0.8671428571428571,0.031126366607331576,28.9,36.55,9.61047619047619,0.018146063900000002,10
ionosphere,antihorn,overall_mean_across_runs_and_depths,all,0.8628571428571428,0.03157178579731901,28.8,27.8,5.524761904761904,0.01896520195,10
ionosphere,horn,overall_mean_across_runs_and_depths,all,0.8628571428571428,0.03157178579731901,28.8,27.8,5.477619047619048,0.01882254135,10
ionosphere,square2cnf,overall_mean_across_runs_and_depths,all,0.8638095238095238,0.03182779779150348,28.7,55.4,6.475714285714285,0.0364881918,10
ionosphere,unary,overall_mean_across_runs_and_depths,all,0.8657142857142857,0.01825414986651873,30.2,14.6,4.002857142857144,0.02777367025,10
kr-vs-kp,affine,overall_mean_across_runs_and_depths,all,0.9701251303441085,0.020574021580869482,43.1,49.15,6.850938477580813,0.059746635400000005,10
kr-vs-kp,antihorn,overall_mean_across_runs_and_depths,all,0.9786757038581856,0.016930817975917823,36.6,35.6,4.151199165797706,0.0169076705,10
kr-vs-kp,horn,overall_mean_across_runs_and_depths,all,0.9788321167883212,0.017040737355879066,36.7,35.7,4.329979144942649,0.01686130185,10
kr-vs-kp,square2cnf,overall_mean_across_runs_and_depths,all,0.9794056308654848,0.015276184344231218,36.1,70.2,5.477059436913452,0.10091131165,10
kr-vs-kp,unary,overall_mean_across_runs_and_depths,all,0.9520333680917622,0.013788099424902325,27.0,13.0,2.747862356621481,0.0092942214,10
letter,affine,overall_mean_across_runs_and_depths,all,0.9814333333333334,0.006440097344075605,47.9,54.75,4.5908,0.37342050260000004,10
letter,antihorn,overall_mean_across_runs_and_depths,all,0.9890333333333332,0.0019425972847006633,72.9,71.9,5.108124999999999,0.33886518505,10
letter,horn,overall_mean_across_runs_and_depths,all,0.9890333333333332,0.0019425972847006633,72.9,71.9,5.312541666666666,0.34066272325,10
letter,square2cnf,overall_mean_across_runs_and_depths,all,0.9890416666666667,0.0019450604705042549,72.9,143.8,6.225458333333333,1.48021846135,10
letter,unary,overall_mean_across_runs_and_depths,all,0.9813750000000001,0.0070733159300015525,56.6,27.8,2.797633333333333,0.22350181715,10
letter_recognition-bin,affine,overall_mean_across_runs_and_depths,all,0.9904833333333333,0.002603921918323367,65.8,79.2,8.082233333333333,0.56925444765,10
letter_recognition-bin,antihorn,overall_mean_across_runs_and_depths,all,0.9955083333333332,0.0013393231685099958,61.6,60.6,6.158158333333334,0.34990303145,10
letter_recognition-bin,horn,overall_mean_across_runs_and_depths,all,0.9948666666666666,0.0012013637474974673,58.5,57.5,4.087325,0.3574546043,10
letter_recognition-bin,square2cnf,overall_mean_across_runs_and_depths,all,0.9954583333333333,0.0015689559608279763,55.1,108.2,5.366825,1.2788524476999998,10
letter_recognition-bin,unary,overall_mean_across_runs_and_depths,all,0.9939666666666666,0.0007753512691955571,67.3,33.15,4.638166666666667,0.30179666525000004,10
lymph,affine,overall_mean_across_runs_and_depths,all,0.7784090909090909,0.04477664350297801,25.3,31.9,8.444318181818181,0.007671185799999999,10
lymph,antihorn,overall_mean_across_runs_and_depths,all,0.7863636363636364,0.042614633162185424,21.5,20.5,4.2920454545454545,0.0019878537,10
lymph,horn,overall_mean_across_runs_and_depths,all,0.7943181818181818,0.046911460012131034,21.1,20.1,4.293181818181818,0.00199796245,10
lymph,square2cnf,overall_mean_across_runs_and_depths,all,0.7761363636363636,0.054323211514645364,21.2,40.4,5.056818181818182,0.01189040885,10
lymph,unary,overall_mean_across_runs_and_depths,all,0.7954545454545455,0.04235868710436791,29.4,14.2,3.4977272727272726,0.0018597736,10
magic04-bin,affine,overall_mean_across_runs_and_depths,all,0.8195145460918332,0.009905595525016962,144.9,157.6,9.233745180511741,1.049620002,10
magic04-bin,antihorn,overall_mean_across_runs_and_depths,all,0.8337977567472835,0.008067757896163652,132.7,131.7,6.184411146161935,0.25730079305000003,10
magic04-bin,horn,overall_mean_across_runs_and_depths,all,0.833806519453207,0.007940079472003089,145.7,144.7,7.211855941114616,0.27465004,10
magic04-bin,square2cnf,overall_mean_across_runs_and_depths,all,0.837372940764108,0.005568639832936534,138.6,275.2,7.620259376095338,3.3813216364,10
magic04-bin,unary,overall_mean_across_runs_and_depths,all,0.8321416053277252,0.009520025684142534,142.5,70.75,4.870986680686996,0.13279552715,10
messidor-bin,affine,overall_mean_across_runs_and_depths,all,0.631159420289855,0.02791105448547749,47.2,52.0,8.702753623188405,0.0372129746,10
messidor-bin,antihorn,overall_mean_across_runs_and_depths,all,0.6343478260869565,0.02680221247203114,62.9,61.9,6.334347826086956,0.01304542505,10
messidor-bin,horn,overall_mean_across_runs_and_depths,all,0.6353623188405797,0.02639197894193014,74.9,73.9,7.834347826086956,0.01500688515,10
messidor-bin,square2cnf,overall_mean_across_runs_and_depths,all,0.6314492753623189,0.015602798070218893,66.3,130.6,8.656376811594203,0.11065232789999999,10
messidor-bin,unary,overall_mean_across_runs_and_depths,all,0.6343478260869565,0.01888512014986888,69.8,34.4,5.420869565217392,0.007602202850000001,10
mushroom,affine,overall_mean_across_runs_and_depths,all,0.997168649979483,0.003053052367332591,15.3,16.25,5.681965531391055,0.061114926550000004,10
mushroom,antihorn,overall_mean_across_runs_and_depths,all,0.9998768978251948,0.0003789004993338469,14.7,13.7,3.462987279441937,0.03720378,10
mushroom,horn,overall_mean_across_runs_and_depths,all,0.9998768978251948,0.0003789004993338469,16.7,15.7,3.7165777595404186,0.0381019611,10
mushroom,square2cnf,overall_mean_across_runs_and_depths,all,0.9998768978251948,0.0003789004993338469,15.1,28.2,3.96040213377103,0.13121337735,10
mushroom,unary,overall_mean_across_runs_and_depths,all,0.9997743126795241,0.00036398900628763084,19.7,9.35,3.241629052113254,0.0308266852,10
pendigits,affine,overall_mean_across_runs_and_depths,all,0.9948620996441282,0.0010846010243157488,51.0,66.7,9.232161921708187,0.1953796709,10
pendigits,antihorn,overall_mean_across_runs_and_depths,all,0.9955960854092527,0.0017373050545268758,38.3,37.3,6.055004448398576,0.0827839414,10
pendigits,horn,overall_mean_across_runs_and_depths,all,0.9955960854092527,0.0017373050545268758,38.3,37.3,6.054826512455516,0.08286770439999999,10
pendigits,square2cnf,overall_mean_across_runs_and_depths,all,0.9955960854092527,0.0017373050545268758,38.3,74.6,6.574599644128114,0.31030664545,10
pendigits,unary,overall_mean_across_runs_and_depths,all,0.9959964412811388,0.0015273933723824685,45.8,22.4,3.73403024911032,0.07049053899999999,10
primary-tumor,affine,overall_mean_across_runs_and_depths,all,0.7698019801980198,0.034727829091595885,62.6,69.9,7.438118811881187,0.0165553689,10
primary-tumor,antihorn,overall_mean_across_runs_and_depths,all,0.7940594059405941,0.039026535762284334,54.1,53.1,4.764356435643565,0.0035118843499999997,10
primary-tumor,horn,overall_mean_across_runs_and_depths,all,0.7965346534653465,0.03901000679802496,53.7,52.7,4.849504950495049,0.0033000692999999998,10
primary-tumor,square2cnf,overall_mean_across_runs_and_depths,all,0.7920792079207921,0.0378725217521764,54.1,106.2,5.530198019801981,0.0311492084,10
primary-tumor,unary,overall_mean_across_runs_and_depths,all,0.8054455445544555,0.03463857343981065,58.3,28.65,3.82970297029703,0.0017761505,10
segment,affine,overall_mean_across_runs_and_depths,all,0.9974025974025974,0.001964089602824539,11.4,15.6,5.757936507936508,0.01998266065,10
segment,antihorn,overall_mean_across_runs_and_depths,all,0.9971139971139971,0.0014804882425470728,11.4,10.4,2.8466089466089466,0.01574738765,10
segment,horn,overall_mean_across_runs_and_depths,all,0.9971139971139971,0.0014804882425470728,11.4,10.4,2.8466089466089466,0.01577978415,10
segment,square2cnf,overall_mean_across_runs_and_depths,all,0.9971139971139971,0.0014804882425470728,11.4,20.8,2.8466089466089466,0.03350432205,10
segment,unary,overall_mean_across_runs_and_depths,all,0.9972582972582972,0.002240385245705222,11.4,5.2,1.9203463203463205,0.012772839499999999,10
seismic_bumps-bin,affine,overall_mean_across_runs_and_depths,all,0.9108387096774194,0.008830142204901456,59.7,64.85,5.744645161290323,0.07759531435,10
seismic_bumps-bin,antihorn,overall_mean_across_runs_and_depths,all,0.9104516129032257,0.009050672473161402,79.0,78.0,4.905032258064516,0.02693131485,10
seismic_bumps-bin,horn,overall_mean_across_runs_and_depths,all,0.911483870967742,0.007825245026099503,78.1,77.1,4.90425806451613,0.026493292499999998,10
seismic_bumps-bin,square2cnf,overall_mean_across_runs_and_depths,all,0.9081290322580646,0.011159612031194675,77.1,152.2,6.563806451612903,0.21714364155000002,10
seismic_bumps-bin,unary,overall_mean_across_runs_and_depths,all,0.9133548387096774,0.00544669311164639,76.5,37.75,3.604387096774194,0.014584666199999999,10
soybean,affine,overall_mean_across_runs_and_depths,all,0.9365079365079365,0.021713827557357766,33.2,36.6,6.362698412698412,0.0186637784,10
soybean,antihorn,overall_mean_across_runs_and_depths,all,0.9391534391534391,0.02056375134214655,43.7,42.7,4.435449735449735,0.004817646,10
soybean,horn,overall_mean_across_runs_and_depths,all,0.9314814814814815,0.019152146744483813,38.6,37.6,4.065608465608466,0.00426698245,10
soybean,square2cnf,overall_mean_across_runs_and_depths,all,0.9365079365079364,0.01808580660666066,35.9,69.8,5.444444444444445,0.03768317345,10
soybean,unary,overall_mean_across_runs_and_depths,all,0.9201058201058201,0.02702804644630356,35.1,17.05,3.257142857142857,0.0023754126,10
splice-1,affine,overall_mean_across_runs_and_depths,all,0.9423197492163009,0.008091168581375012,78.1,90.1,7.899111807732497,0.1539194208,10
splice-1,antihorn,overall_mean_across_runs_and_depths,all,0.9377220480668758,0.00711459060833464,46.3,45.3,4.361233019853709,0.056768295749999996,10
splice-1,horn,overall_mean_across_runs_and_depths,all,0.9542842215256009,0.006659622022990933,59.1,58.1,5.40773249738767,0.0646648614,10
splice-1,square2cnf,overall_mean_across_runs_and_depths,all,0.9455067920585162,0.007336294314212772,50.1,98.2,5.633646812957158,0.2486323085,10
splice-1,unary,overall_mean_across_runs_and_depths,all,0.9548066875653083,0.005671635508887869,74.3,36.65,4.291222570532915,0.05816066145,10
taiwan_binarised,affine,overall_mean_across_runs_and_depths,all,0.8169888888888888,0.006724012617404326,132.4,142.3,7.459883333333333,1.75446849815,10
taiwan_binarised,antihorn,overall_mean_across_runs_and_depths,all,0.8194944444444445,0.003138864306688398,138.8,137.8,7.631399999999999,0.8018412359999999,10
taiwan_binarised,horn,overall_mean_across_runs_and_depths,all,0.8203222222222222,0.0026010194432663785,126.4,125.4,6.208683333333333,0.73887864125,10
taiwan_binarised,square2cnf,overall_mean_across_runs_and_depths,all,0.8188833333333333,0.002616853210966413,134.8,267.6,9.25195,4.987875321500001,10
taiwan_binarised,unary,overall_mean_across_runs_and_depths,all,0.8207777777777778,0.0026256593590040828,125.0,62.0,5.30685,0.52414435755,10
tic-tac-toe,affine,overall_mean_across_runs_and_depths,all,0.8637630662020905,0.03619070532327843,73.9,81.95,7.615853658536585,0.049321820849999996,10
tic-tac-toe,antihorn,overall_mean_across_runs_and_depths,all,0.8923344947735192,0.033284405328975086,46.8,45.8,4.655923344947736,0.0063219608,10
tic-tac-toe,horn,overall_mean_across_runs_and_depths,all,0.9175958188153309,0.03069524149386264,47.2,46.2,4.726132404181184,0.0060698608,10
tic-tac-toe,square2cnf,overall_mean_across_runs_and_depths,all,0.8872822299651568,0.0318997912442868,55.0,108.0,5.602090592334495,0.10052398835000001,10
tic-tac-toe,unary,overall_mean_across_runs_and_depths,all,0.9156794425087108,0.025166449509719198,64.8,31.9,4.177526132404181,0.0028696892,10
titanic-un,affine,overall_mean_across_runs_and_depths,all,0.8082706766917294,0.023963497993197712,49.2,59.95,9.935902255639098,0.03239718135,10
titanic-un,antihorn,overall_mean_across_runs_and_depths,all,0.8045112781954886,0.022786061971680732,56.2,55.2,6.499060150375939,0.025962595249999998,10
titanic-un,horn,overall_mean_across_runs_and_depths,all,0.8101503759398497,0.02220743129117681,58.2,57.2,6.562593984962406,0.02647331345,10
titanic-un,square2cnf,overall_mean_across_runs_and_depths,all,0.8093984962406016,0.02116469130370257,60.2,118.4,6.832142857142857,0.08044354849999999,10
titanic-un,unary,overall_mean_across_runs_and_depths,all,0.8033834586466165,0.021616756420877434,62.2,30.6,4.69812030075188,0.02484035755,10
vehicle,affine,overall_mean_across_runs_and_depths,all,0.9375984251968503,0.015235923306565908,40.7,53.9,9.40748031496063,0.027078390299999998,10
vehicle,antihorn,overall_mean_across_runs_and_depths,all,0.9405511811023622,0.019240738124352192,35.9,34.9,4.9289370078740165,0.016310916,10
vehicle,horn,overall_mean_across_runs_and_depths,all,0.9405511811023622,0.019240738124352192,35.9,34.9,4.930511811023623,0.01625221105,10
vehicle,square2cnf,overall_mean_across_runs_and_depths,all,0.9405511811023622,0.019240738124352192,35.9,69.8,5.294291338582677,0.0462621609,10
vehicle,unary,overall_mean_across_runs_and_depths,all,0.9433070866141732,0.017532543696349,40.0,19.5,3.828543307086614,0.0163078832,10
vote,affine,overall_mean_across_runs_and_depths,all,0.9276923076923076,0.020640627484613403,30.5,35.65,6.511153846153846,0.0142976572,10
vote,antihorn,overall_mean_across_runs_and_depths,all,0.9373076923076923,0.016033871031130163,23.3,22.3,3.5173076923076927,0.0025711304,10
vote,horn,overall_mean_across_runs_and_depths,all,0.9315384615384616,0.024312406656045088,23.9,22.9,3.6338461538461537,0.0025713283,10
vote,square2cnf,overall_mean_across_runs_and_depths,all,0.9330769230769231,0.02546362382448107,20.9,39.8,3.554230769230769,0.0192158906,10
vote,unary,overall_mean_across_runs_and_depths,all,0.9442307692307692,0.01947216908934159,29.9,14.45,3.052307692307692,0.00174780415,10
wine1-un,affine,overall_mean_across_runs_and_depths,all,0.6867924528301886,0.046378668262044065,13.3,12.45,10.397169811320754,0.0160065994,10
wine1-un,antihorn,overall_mean_across_runs_and_depths,all,0.7084905660377359,0.03797096565565681,13.0,12.0,10.20188679245283,0.01830983415,10
wine1-un,horn,overall_mean_across_runs_and_depths,all,0.6830188679245283,0.041337551509823905,13.4,12.4,5.085849056603774,0.0194203315,10
wine1-un,square2cnf,overall_mean_across_runs_and_depths,all,0.7037735849056603,0.03924490107521728,13.0,24.0,10.466037735849056,0.025077426349999998,10
wine1-un,unary,overall_mean_across_runs_and_depths,all,0.6943396226415094,0.04133755150982387,13.2,6.1,5.013207547169811,0.04392892735,10
wine2-un,affine,overall_mean_across_runs_and_depths,all,0.6556603773584906,0.032319881947020505,15.9,16.05,10.69245283018868,0.0184474737,10
wine2-un,antihorn,overall_mean_across_runs_and_depths,all,0.6641509433962264,0.04088177626413694,15.7,14.7,10.424528301886792,0.01833936445,10
wine2-un,horn,overall_mean_across_runs_and_depths,all,0.6566037735849056,0.03330490377955048,15.9,14.9,5.537735849056604,0.01930269625,10
wine2-un,square2cnf,overall_mean_across_runs_and_depths,all,0.6641509433962264,0.04088177626413694,15.7,29.4,10.492452830188679,0.0260386772,10
wine2-un,unary,overall_mean_across_runs_and_depths,all,0.6264150943396226,0.03330490377955049,15.8,7.4,5.479245283018868,0.0436703292,10
wine3-un,affine,overall_mean_across_runs_and_depths,all,0.7433962264150943,0.04214552795489509,14.2,13.45,10.98867924528302,0.01673962195,10
wine3-un,antihorn,overall_mean_across_runs_and_depths,all,0.7377358490566037,0.056404814186924106,14.7,13.7,10.648113207547171,0.0182286202,10
wine3-un,horn,overall_mean_across_runs_and_depths,all,0.7339622641509435,0.037185661433874716,15.0,14.0,5.6773584905660375,0.018794568850000002,10
wine3-un,square2cnf,overall_mean_across_runs_and_depths,all,0.7358490566037735,0.05577009367268711,14.7,27.4,10.821698113207548,0.026434043149999996,10
wine3-un,unary,overall_mean_across_runs_and_depths,all,0.750943396226415,0.026400904118700923,15.1,7.05,5.680188679245283,0.044427867450000005,10
winequality-red-bin,affine,overall_mean_across_runs_and_depths,all,0.9875,0.007089135910195055,26.0,27.45,3.5690625,0.02268974175,10
winequality-red-bin,antihorn,overall_mean_across_runs_and_depths,all,0.9878125000000001,0.004289579632207883,25.4,24.4,2.8579166666666667,0.0051232809,10
winequality-red-bin,horn,overall_mean_across_runs_and_depths,all,0.9904166666666667,0.003964388259114599,22.9,21.9,2.9805208333333333,0.0047937996,10
winequality-red-bin,square2cnf,overall_mean_across_runs_and_depths,all,0.9880208333333333,0.003438247526376201,22.7,43.4,3.590208333333333,0.0458323696,10
winequality-red-bin,unary,overall_mean_across_runs_and_depths,all,0.990625,0.003853351620790708,32.6,15.8,2.8047916666666666,0.0026747425500000003,10
yeast,affine,overall_mean_across_runs_and_depths,all,0.6980898876404494,0.020779243377192707,60.0,68.55,8.28988764044944,0.0454298598,10
yeast,antihorn,overall_mean_across_runs_and_depths,all,0.7141573033707865,0.023085646249805986,78.5,77.5,6.6310112359550555,0.01766974715,10
yeast,horn,overall_mean_across_runs_and_depths,all,0.7141573033707865,0.023085646249805986,78.5,77.5,6.633033707865168,0.017568100750000003,10
yeast,square2cnf,overall_mean_across_runs_and_depths,all,0.7134831460674158,0.023574375940937618,78.5,155.0,7.298426966292135,0.1117469284,10
yeast,unary,overall_mean_across_runs_and_depths,all,0.7074157303370787,0.022121454140282458,76.6,37.8,4.770898876404495,0.0110140154,10
