dataset,n_samples,n_features,n_over_p,positive_rate,imbalance_ratio,feature_prevalence_mean,feature_prevalence_std,feature_prevalence_min,feature_prevalence_max,feature_sparsity,signal_source,folds,unary_signal,unary_signal_std,horn_signal,horn_signal_std,antihorn_signal,antihorn_signal_std,square2cnf_signal,square2cnf_signal_std,affine_signal,affine_signal_std,interaction_advantage_horn,interaction_advantage_antihorn,interaction_advantage_square2cnf,interaction_advantage_affine
HTRU_2-bin,17898,70,255.68571428571428,0.09157447759526204,9.92007321537523,0.5550668071452516,0.28962310880581027,0.057604201586769474,0.999832383506537,0.4449331928547483,training_fold_only_same_boolean_candidate_semantics,10,0.2653630666364992,0.004159275464614182,0.2653630666364992,0.004159275464614166,0.2653630666364992,0.004159275464614166,0.26548186986385525,0.004110653463802222,0.19977032540046405,0.00323857075406557,0.0,0.0,0.00011880322735602356,-0.06559274123603517
IndiansDiabetes-bin,768,40,19.2,0.3489583333333333,1.865671641791045,0.7069010416666667,0.26727140520804626,0.14453125,0.9986979166666666,0.2930989583333333,training_fold_only_same_boolean_candidate_semantics,10,0.12259292417140075,0.014124277798804973,0.12259292417140075,0.014124277798804992,0.1343556555300907,0.014695869469279295,0.14676801679191928,0.018298602133217524,0.09097145788662474,0.01969142065890539,0.0,0.011762731358689965,0.024175092620518535,-0.03162146628477601
Statlog_satellite-bin,4435,531,8.352165725047081,0.7582863585118377,3.1371268656716422,0.529957515652966,0.3569407022525674,0.00022547914317925591,0.9997745208568207,0.4700424843470341,training_fold_only_same_boolean_candidate_semantics,10,0.10985762231669025,0.002888948122158145,0.11251048839418125,0.0029542661559891267,0.11001834536636793,0.002825267013488884,0.11332352602242528,0.0027121123784799657,0.10938096351023115,0.0036588416754296813,0.0026528660774910034,0.00016072304967768014,0.0034659037057350323,-0.00047665880645909875
adult_discretized,30299,59,513.542372881356,0.2478959701640318,3.0339502063639996,0.2033898305084746,0.2670059697858895,0.0001320175583352586,0.9568302584243704,0.7966101694915254,training_fold_only_same_boolean_candidate_semantics,10,0.11349855388645877,0.002320971086227482,0.11939076772436837,0.012581423762869887,0.14296234386392676,0.0021503050978617,0.14296234386392676,0.0021503050978616957,0.1134985538864588,0.0023209710862274707,0.005892213837909596,0.029463789977467986,0.029463789977467986,2.7755575615628914e-17
anneal,812,88,9.227272727272727,0.7697044334975369,3.3422459893048124,0.4659090909090909,0.363096898929944,0.0012315270935960591,0.9987684729064039,0.5340909090909092,training_fold_only_same_boolean_candidate_semantics,10,0.10041746113171571,0.007790558691455335,0.10041746113171571,0.007790558691455335,0.10041746113171571,0.007790558691455335,0.10041746113171571,0.007790558691455335,0.10041746113171571,0.007790558691455335,0.0,0.0,0.0,0.0
audiology,216,145,1.4896551724137932,0.2638888888888889,2.7894736842105265,0.45517241379310347,0.44349078968245653,0.004629629629629629,0.9953703703703703,0.5448275862068965,training_fold_only_same_boolean_candidate_semantics,10,0.5055227144091705,0.03808071755080965,0.5626294791012176,0.04528705936823215,0.5626294791012176,0.04528705936823215,0.5688186399810841,0.040774976391505575,0.491848779435911,0.03689653773550625,0.05710676469204712,0.05710676469204712,0.06329592557191355,-0.013673934973259527
australian-credit,653,124,5.266129032258065,0.5467075038284839,1.206081081081081,0.4112903225806452,0.28715860035453256,0.0030627871362940277,0.9509954058192955,0.5887096774193548,training_fold_only_same_boolean_candidate_semantics,10,0.450101183591835,0.012953898494082829,0.450101183591835,0.012953898494082829,0.450101183591835,0.012953898494082829,0.450101183591835,0.012953898494082829,0.450101183591835,0.012953898494082829,0.0,0.0,0.0,0.0
balance-scale-bin,625,16,39.0625,0.9216,11.755102040816322,0.5,0.22360679774997896,0.2,0.8,0.5,training_fold_only_same_boolean_candidate_semantics,10,0.003299013906484303,0.0016073449339819568,0.010079284784284073,0.004888589076627539,0.00630305366156351,0.0029624894740878692,0.012906244061094608,0.0057687257861732955,0.014450204108281548,0.002718809547497137,0.00678027087779977,0.003004039755079207,0.009607230154610305,0.011151190201797246
bank_conv-bin,4521,211,21.42654028436019,0.11523999115239991,7.677543186180422,0.6301158050215371,0.3792254493996004,0.0008847600088476001,0.9997788099977881,0.3698841949784628,training_fold_only_same_boolean_candidate_semantics,10,0.07046434044489466,0.0037572909301324497,0.07046434044489466,0.0037572909301324463,0.07046434044489466,0.0037572909301324497,0.07046434044489466,0.0037572909301324463,0.09537432749221311,0.004053011838434832,0.0,0.0,0.0,0.02490998704731845
banknote-bin,1372,26,52.76923076923077,0.4446064139941691,1.2491803278688525,0.5354059206100023,0.2718866444867713,0.13411078717201166,0.9985422740524781,0.46459407938999775,training_fold_only_same_boolean_candidate_semantics,10,0.3960156541518086,0.01943523679503472,0.39601565415180867,0.019435236795034692,0.3960156541518086,0.01943523679503472,0.39601565415180867,0.019435236795034713,0.22820706402929664,0.01168410261028074,5.551115123125783e-17,0.0,5.551115123125783e-17,-0.16780859012251198
biodeg-bin,1055,302,3.493377483443709,0.33744075829383885,1.963483146067416,0.8186215121935909,0.2619033266710322,0.002843601895734597,0.9990521327014218,0.18137848780640908,training_fold_only_same_boolean_candidate_semantics,10,0.16003742401003737,0.010263950911151844,0.165184567353912,0.01699811685192498,0.1676903380520598,0.013699834157267532,0.18248761917435047,0.019029656447062927,0.1481995433080117,0.011143981825915623,0.005147143343874616,0.007652914042022424,0.022450195164313097,-0.011837880702025683
breast-cancer-un,683,89,7.674157303370786,0.34992679355783307,1.8577405857740588,0.10112359550561797,0.15748589862465262,0.0029282576866764276,0.8243045387994143,0.898876404494382,training_fold_only_same_boolean_candidate_semantics,10,0.5267791635365934,0.018594871709970588,0.48890827889205724,0.01832343550547851,0.6106990882844208,0.013162498646336989,0.6645909598868912,0.018991030665542242,0.3382688550381524,0.01561311293596109,-0.03787088464453614,0.08391992474782739,0.13781179635029783,-0.18851030849844097
breast-wisconsin,683,120,5.691666666666666,0.6500732064421669,1.8577405857740588,0.5,0.30532586611970836,0.020497803806734993,0.9795021961932651,0.5,training_fold_only_same_boolean_candidate_semantics,10,0.6061976885469387,0.02183585987655856,0.622471506123365,0.03955716957441622,0.622471506123365,0.03955716957441622,0.622471506123365,0.03955716957441622,0.6061976885469387,0.02183585987655856,0.01627381757642632,0.01627381757642632,0.01627381757642632,0.0
car-un,1728,21,82.28571428571429,0.29976851851851855,2.3359073359073355,0.28571428571428564,0.04123930494211612,0.25,0.3333333333333333,0.7142857142857143,training_fold_only_same_boolean_candidate_semantics,10,0.22421815495703612,0.004982797163204931,0.22564845641503908,0.005462951902590081,0.48096487642883234,0.009358532075079981,0.48096487642883234,0.009358532075079981,0.3306518431128954,0.006135729237189843,0.0014303014580029638,0.2567467214717962,0.2567467214717962,0.1064336881558593
car_evaluation-bin,1728,14,123.42857142857143,0.29976851851851855,2.3359073359073355,0.511904761904762,0.19121879052629775,0.25,0.75,0.48809523809523814,training_fold_only_same_boolean_candidate_semantics,10,0.22421815495703612,0.004982797163204931,0.48096487642883234,0.009358532075079981,0.48096487642883234,0.009358532075079981,0.48096487642883234,0.009358532075079981,0.3306518431128954,0.006135729237189843,0.2567467214717962,0.2567467214717962,0.2567467214717962,0.1064336881558593
compas_discretized,6167,25,246.68,0.45548889249229774,1.195443218227127,0.32,0.30860694784881043,0.0017836873682503648,0.9664342467974704,0.6799999999999999,training_fold_only_same_boolean_candidate_semantics,10,0.05645648509377269,0.0032907942170386684,0.06396329619417875,0.004505624625503936,0.06396329619417875,0.004505624625503936,0.06434390679414619,0.004784383291560389,0.0564564850937727,0.003290794217038669,0.007506811100406054,0.007506811100406054,0.007887421700373494,6.938893903907228e-18
diabetes,768,112,6.857142857142857,0.6510416666666666,1.8656716417910444,0.5,0.24827281805853202,0.0703125,0.9296875,0.5,training_fold_only_same_boolean_candidate_semantics,10,0.12629896087722106,0.01849591344333557,0.12629896087722106,0.01849591344333557,0.12629896087722106,0.01849591344333557,0.12629896087722106,0.01849591344333557,0.12629896087722106,0.01849591344333557,0.0,0.0,0.0,0.0
forest-fires-un,517,989,0.5227502527805864,0.5222437137330754,1.0931174089068825,0.012133468149646108,0.042336810604512186,0.0019342359767891683,0.9845261121856866,0.9878665318503539,training_fold_only_same_boolean_candidate_semantics,10,0.022577855713345862,0.0025645202124396577,0.022546415358551414,0.002832263414632813,0.03815605473458985,0.008025296967650728,0.03887376878439121,0.00811617872463819,0.048004208662194035,0.010624646146071613,-3.144035479444793e-05,0.015578199021243987,0.016295913071045345,0.025426352948848173
german-credit,1000,110,9.090909090909092,0.7,2.333333333333333,0.34545454545454546,0.2734440822466313,0.006,0.963,0.6545454545454545,training_fold_only_same_boolean_candidate_semantics,10,0.07858011994408756,0.006414628580947959,0.08224052626637063,0.009026844870867055,0.08385104099566042,0.00875945139125047,0.09130714766961696,0.010458434161008001,0.07858011994408758,0.006414628580947968,0.0036604063222830663,0.005270921051572855,0.012727027725529402,1.3877787807814457e-17
heart-cleveland,296,95,3.1157894736842104,0.5405405405405406,1.1764705882352942,0.4736842105263159,0.25855470974304223,0.013513513513513514,0.9324324324324325,0.5263157894736843,training_fold_only_same_boolean_candidate_semantics,10,0.22339629981223,0.011196012087468475,0.2740724579291873,0.017932801156212454,0.2739334271299715,0.017995126935103474,0.32787861634049564,0.033503643905551786,0.22339629981223,0.01119601208746846,0.050676158116957276,0.05053712731774149,0.10448231652826565,0.0
hepatitis,137,68,2.014705882352941,0.8102189781021898,4.269230769230769,0.5,0.2605413620584384,0.0948905109489051,0.9051094890510949,0.5,training_fold_only_same_boolean_candidate_semantics,10,0.17102913162568306,0.029039032948824615,0.2179820829577733,0.052386280547777844,0.2179820829577733,0.052386280547777844,0.2179820829577733,0.05238628054777784,0.17102913162568306,0.029039032948824615,0.04695295133209024,0.04695295133209024,0.04695295133209024,0.0
hypothyroid,3247,83,39.12048192771084,0.9146904835232522,10.722021660649817,0.4819277108433735,0.35694980135817894,0.0003079765937788728,0.9996920234062211,0.5180722891566265,training_fold_only_same_boolean_candidate_semantics,10,0.31197424296713955,0.004411017925235354,0.31197424296713955,0.004411017925235354,0.31197424296713955,0.004411017925235354,0.31197424296713955,0.004411017925235354,0.31197424296713955,0.004411017925235354,0.0,0.0,0.0,0.0
ionosphere,351,444,0.7905405405405406,0.6410256410256411,1.785714285714286,0.5,0.24561410384808732,0.07692307692307693,0.9230769230769231,0.5,training_fold_only_same_boolean_candidate_semantics,10,0.32006163209115507,0.02528608896814853,0.43519814466682716,0.06225697546472191,0.43519814466682716,0.06225697546472191,0.43519814466682716,0.0622569754647219,0.32006163209115507,0.02528608896814853,0.11513651257567209,0.11513651257567209,0.11513651257567209,0.0
kr-vs-kp,3196,73,43.78082191780822,0.522215269086358,1.0929927963326784,0.4931506849315068,0.34642574171850243,0.00031289111389236547,0.9996871088861077,0.5068493150684932,training_fold_only_same_boolean_candidate_semantics,10,0.19417400643229482,0.001394729449331768,0.30001296115212284,0.0016804117273403277,0.30001296115212284,0.0016804117273403277,0.30001296115212284,0.0016804117273403198,0.19417400643229482,0.001394729449331768,0.10583895471982802,0.10583895471982802,0.10583895471982802,0.0
letter,20000,224,89.28571428571429,0.04065,23.600246002460025,0.5,0.3086176214184796,0.0046,0.9954,0.5,training_fold_only_same_boolean_candidate_semantics,10,0.03804588570480086,0.0012432789850170811,0.06752589104830967,0.0016450945520979446,0.06752589104830967,0.0016450945520979446,0.06752589104830967,0.0016450945520979456,0.03804588570480086,0.0012432789850170811,0.02948000534350881,0.02948000534350881,0.02948000534350881,0.0
letter_recognition-bin,20000,240,83.33333333333333,0.96055,24.348542458808627,0.6049689583333333,0.3951573982090322,5e-05,0.9999,0.3950310416666667,training_fold_only_same_boolean_candidate_semantics,10,0.09735733494260729,0.002060259029814565,0.09735733494260727,0.002060259029814571,0.10089705776156177,0.0018634510340840948,0.10132878809778774,0.001564853632070368,0.07036744158149717,0.001598308042009085,-1.3877787807814457e-17,0.0035397228189544827,0.003971453155180452,-0.026989893361110115
lymph,148,68,2.176470588235294,0.5472972972972973,1.2089552238805967,0.39705882352941174,0.3055697024530017,0.013513513513513514,0.9864864864864865,0.6029411764705883,training_fold_only_same_boolean_candidate_semantics,10,0.29116771875571734,0.039018532528889954,0.33922819592723785,0.03943266669202509,0.34511353987242793,0.0582748879787214,0.35961210238316615,0.055819347334154994,0.29116771875571745,0.03901853252888995,0.04806047717152051,0.05394582111671059,0.06844438362744881,1.1102230246251565e-16
magic04-bin,19020,86,221.1627906976744,0.3516298633017876,1.8438995215311005,0.580499107426699,0.28912942634118066,0.08601472134595163,0.9999474237644584,0.41950089257330103,training_fold_only_same_boolean_candidate_semantics,10,0.13963872298556668,0.0036351401046365423,0.13963872298556668,0.003635140104636545,0.13963872298556668,0.0036351401046365423,0.13963872298556668,0.003635140104636545,0.1068370411277785,0.001855158017384728,0.0,0.0,0.0,-0.03280168185778817
messidor-bin,1151,83,13.867469879518072,0.5308427454387489,1.1314814814814813,0.6666178179267895,0.2550729274290206,0.1416159860990443,0.9991311902693311,0.33338218207321035,training_fold_only_same_boolean_candidate_semantics,10,0.06624958186445129,0.00556974316471429,0.08380316271396235,0.017302776599838407,0.06461512170171227,0.006241428323188552,0.08407642921681949,0.017350583576062565,0.06722245939392725,0.00657751866991033,0.017553580849511058,-0.001634460162739021,0.017826847352368197,0.0009728775294759601
mushroom,8124,111,73.1891891891892,0.517971442639094,1.0745658835546474,0.1801801801801802,0.2260339333195763,0.0004923682914820286,0.9753815854258986,0.8198198198198199,training_fold_only_same_boolean_candidate_semantics,10,0.5211071171729558,0.0031178127869590576,0.5211071171729558,0.0031178127869590615,0.5211071171729558,0.0031178127869590615,0.5219908160444675,0.0029206101403116357,0.5211071171729558,0.0031178127869590615,0.0,0.0,0.00088369887151174,0.0
pendigits,7494,216,34.69444444444444,0.10408326661329063,8.607692307692307,0.5,0.23564984379412057,0.09100613824392847,0.9089938617560716,0.5,training_fold_only_same_boolean_candidate_semantics,10,0.2393165751784005,0.0018942173935421924,0.24045580714932271,0.0023645912448972423,0.24045580714932271,0.0023645912448972423,0.24045580714932271,0.0023645912448972423,0.2393165751784005,0.0018942173935421924,0.001139231970922222,0.001139231970922222,0.001139231970922222,0.0
primary-tumor,336,31,10.838709677419354,0.24404761904761904,3.097560975609756,0.4838709677419355,0.3103201661301853,0.020833333333333332,0.9791666666666666,0.5161290322580645,training_fold_only_same_boolean_candidate_semantics,10,0.15197218239607543,0.023446742865319847,0.15197218239607543,0.023446742865319847,0.15197218239607543,0.023446742865319847,0.15197218239607543,0.023446742865319847,0.1549714722920102,0.023793394284673978,0.0,0.0,0.0,0.002999289895934759
segment,2310,234,9.871794871794872,0.14285714285714285,6.000000000000001,0.5,0.2632362926033608,0.0004329004329004329,0.9995670995670995,0.5,training_fold_only_same_boolean_candidate_semantics,10,0.4772870675393662,0.006934397382548688,0.47865804970758397,0.005687048293768459,0.47865804970758397,0.005687048293768459,0.47865804970758397,0.005687048293768459,0.4772870675393662,0.006934397382548688,0.001370982168217738,0.001370982168217738,0.001370982168217738,0.0
seismic_bumps-bin,2584,90,28.711111111111112,0.06578947368421052,14.200000000000001,0.8081785345717235,0.22490510413920986,0.0046439628482972135,0.9996130030959752,0.1918214654282766,training_fold_only_same_boolean_candidate_semantics,10,0.03478865848599969,0.00439822025802056,0.030457304197070913,0.005642872789617822,0.035564055564357114,0.0038968721881065004,0.03667100251715514,0.004475039564411687,0.03417706241155383,0.0036194503591652355,-0.004331354288928779,0.0007753970783574218,0.0018823440311554474,-0.0006115960744458651
soybean,630,50,12.6,0.14603174603174604,5.8478260869565215,0.31999999999999995,0.27960793917066507,0.0015873015873015873,0.9904761904761905,0.6799999999999999,training_fold_only_same_boolean_candidate_semantics,10,0.07226333881818073,0.0038996044807600378,0.10738601675352928,0.01258768398119846,0.10738601675352928,0.01258768398119846,0.12672491074028397,0.020059449068825126,0.10384739153685522,0.016801411044053135,0.035122677935348554,0.035122677935348554,0.05446157192210324,0.031584052718674496
splice-1,3190,287,11.114982578397212,0.5188087774294671,1.0781758957654723,0.20905923344947736,0.10274929202553841,0.00031347962382445143,0.5711598746081504,0.7909407665505226,training_fold_only_same_boolean_candidate_semantics,10,0.3545896021102445,0.012625522452062998,0.3876931282790594,0.007140258095001312,0.3502196947988096,0.006078515343265426,0.6839554783823494,0.005546415634152634,0.32636384017160763,0.06007876806062937,0.0331035261688149,-0.004369907311434884,0.3293658762721049,-0.02822576193863685
taiwan_binarised,30000,198,151.5151515151515,0.2212,3.520795660036166,0.3157979797979798,0.28559510439559205,3.3333333333333335e-05,0.9892,0.6842020202020203,training_fold_only_same_boolean_candidate_semantics,10,0.08911181765331429,0.0024455114421395347,0.08904956684105014,0.0025028023154232077,0.09958438471234982,0.001800279629022113,0.09958438471234983,0.0018002796290221188,0.0891358495091078,0.00242362575589133,-6.225081226414464e-05,0.010472567059035529,0.010472567059035542,2.403185579351319e-05
tic-tac-toe,958,27,35.48148148148148,0.6534446764091858,1.8855421686746987,0.33333333333333326,0.08299930536994193,0.16701461377870563,0.4780793319415449,0.6666666666666667,training_fold_only_same_boolean_candidate_semantics,10,0.07890343242981523,0.005384203461170442,0.07890343242981523,0.005384203461170457,0.08215639767902268,0.005303486924583504,0.1076241164475596,0.008120016117420277,0.10919580214693865,0.009012866104886443,0.0,0.003252965249207443,0.028720684017744372,0.030292369717123416
titanic-un,887,333,2.6636636636636637,0.3855693348365276,1.5935672514619883,0.5868721032193412,0.30775017868899157,0.007891770011273957,0.9988726042841037,0.41312789678065887,training_fold_only_same_boolean_candidate_semantics,10,0.22206386660846195,0.017650943831246317,0.22194664309721487,0.04613917679059219,0.23863741069757713,0.01463119478058505,0.24501279556750116,0.01368369298146832,0.22595713117010371,0.01869198999301225,-0.00011722351124707209,0.016573544089115183,0.022948928959039216,0.0038932645616417683
vehicle,846,252,3.357142857142857,0.2576832151300236,2.8807339449541285,0.5,0.257152263690347,0.0508274231678487,0.9491725768321513,0.5,training_fold_only_same_boolean_candidate_semantics,10,0.2155003312673756,0.01306884444187913,0.2155003312673756,0.01306884444187913,0.2155003312673756,0.01306884444187913,0.2155003312673756,0.01306884444187913,0.2155003312673756,0.01306884444187913,0.0,0.0,0.0,0.0
vote,435,48,9.0625,0.6137931034482759,1.5892857142857144,0.3333333333333333,0.21336834169088542,0.016091954022988506,0.6252873563218391,0.6666666666666667,training_fold_only_same_boolean_candidate_semantics,10,0.7337990488162569,0.042854086483490005,0.7337990488162569,0.042854086483490005,0.7337990488162569,0.042854086483490005,0.745001852477167,0.04114612997567942,0.7112665331855123,0.031504303159562826,0.0,0.0,0.011202803660910088,-0.022532515630744654
wine1-un,178,1276,0.13949843260188088,0.33146067415730335,2.016949152542373,0.01018808777429467,0.008904506952185151,0.0056179775280898875,0.08426966292134831,0.9898119122257053,training_fold_only_same_boolean_candidate_semantics,10,0.0601807698285988,0.010375584371179187,0.0601807698285988,0.010375584371179187,0.10788551683921783,0.011233864618464045,0.10788551683921783,0.011233864618464045,0.15258968553753266,0.013230163406461564,0.0,0.04770474701061903,0.04770474701061903,0.09240891570893386
wine2-un,178,1276,0.13949843260188088,0.398876404494382,1.507042253521127,0.01018808777429467,0.008904506952185151,0.0056179775280898875,0.08426966292134831,0.9898119122257053,training_fold_only_same_boolean_candidate_semantics,10,0.059976409122527406,0.012719217453139692,0.05997640912252742,0.012719217453139694,0.1102565451880971,0.018525703789117304,0.11025654518809713,0.0185257037891173,0.15239229069356824,0.020396535709882875,1.3877787807814457e-17,0.0502801360655697,0.050280136065569726,0.09241588157104083
wine3-un,178,1276,0.13949843260188088,0.2696629213483146,2.7083333333333335,0.01018808777429467,0.008904506952185151,0.0056179775280898875,0.08426966292134831,0.9898119122257053,training_fold_only_same_boolean_candidate_semantics,10,0.06589416018285729,0.01944126030578486,0.0658941601828573,0.01944126030578485,0.1150299195556181,0.021716949130300367,0.1150299195556181,0.021716949130300367,0.16441982650941916,0.02521573759378706,1.3877787807814457e-17,0.04913575937276081,0.04913575937276081,0.09852566632656187
winequality-red-bin,1599,39,41.0,0.9937460913070669,158.90000000000023,0.7056012571960038,0.31059878923504064,0.0006253908692933083,0.9987492182614134,0.29439874280399614,training_fold_only_same_boolean_candidate_semantics,10,0.009323771763742373,0.002267904562774504,0.013043283881702492,0.0033749977904024057,0.009367092445956503,0.002699485410212141,0.014134688986570826,0.0035138678028463514,0.013386472612657513,0.0033570512827354616,0.0037195121179601186,4.3320682214130143e-05,0.004810917222828453,0.00406270084891514
yeast,1484,89,16.674157303370787,0.3119946091644205,2.2051835853131747,0.4943820224719101,0.2758123830560522,0.0026954177897574125,0.9905660377358491,0.5056179775280899,training_fold_only_same_boolean_candidate_semantics,10,0.08340001715499389,0.006893174897024575,0.08340001715499389,0.006893174897024575,0.08340001715499389,0.006893174897024575,0.08340001715499389,0.006893174897024575,0.08340001715499389,0.006893174897024575,0.0,0.0,0.0,0.0
