analysis_type,metric,method,comparison,n_datasets,mean,median,std,average_rank,dataset_wins_including_ties,statistic,p_value,median_paired_difference_left_minus_right,paired_rank_biserial,holm_adjusted_p
descriptive,accuracy,unary,,46,0.858646328242452,0.9014150813181265,0.11780808018440611,2.641304347826087,19.0,,,,,
descriptive,accuracy,horn,,46,0.8596897984701479,0.9028905005284494,0.11935611686506677,2.6630434782608696,11.0,,,,,
descriptive,accuracy,antihorn,,46,0.8598477051495882,0.8959460084487065,0.11827942856283252,2.891304347826087,8.0,,,,,
descriptive,accuracy,square2cnf,,46,0.8590644291419736,0.8902988689932736,0.11962956103301743,2.760869565217391,13.0,,,,,
descriptive,accuracy,affine,,46,0.8535363059680721,0.8811650114591291,0.11928930728103468,4.043478260869565,3.0,,,,,
friedman,accuracy,all_fixed,all_fixed,46,,,,,,26.65916760404948,2.329533098392308e-05,,,
paired_wilcoxon,accuracy,,unary_vs_horn,46,,,,,,496.0,0.633795465148637,0.0001763167388166842,-0.08233117483811286,1.0
paired_wilcoxon,accuracy,,unary_vs_antihorn,46,,,,,,525.0,0.8698232099745221,0.00019970109255823543,-0.03188405797101449,1.0
paired_wilcoxon,accuracy,,unary_vs_square2cnf,46,,,,,,537.0,0.9741070958191926,0.0005028413741997029,-0.0064754856614246065,1.0
paired_wilcoxon,accuracy,,unary_vs_affine,46,,,,,,276.0,0.0038550795036749264,0.0033358695652173642,0.48936170212765956,0.026985556525724486
paired_wilcoxon,accuracy,,horn_vs_antihorn,46,,,,,,449.0,0.4818840933222881,0.0,0.07207207207207207,1.0
paired_wilcoxon,accuracy,,horn_vs_square2cnf,46,,,,,,515.0,0.8998070677969991,0.0,0.038461538461538464,1.0
paired_wilcoxon,accuracy,,horn_vs_affine,46,,,,,,171.0,2.1320824941994942e-05,0.003452380952380929,0.6836262719703978,0.00021320824941994942
paired_wilcoxon,accuracy,,antihorn_vs_square2cnf,46,,,,,,519.0,0.9345576479922033,0.0,0.007692307692307693,1.0
paired_wilcoxon,accuracy,,antihorn_vs_affine,46,,,,,,177.0,3.033028593790732e-05,0.003229338033685858,0.6725254394079556,0.0002729725734411659
paired_wilcoxon,accuracy,,square2cnf_vs_affine,46,,,,,,183.0,4.275248613794247e-05,0.0028305018756119016,0.6614246068455134,0.00034201988910353975
descriptive,tree_nodes,unary,,46,53.234782608695646,44.05,31.364149508573245,3.4130434782608696,8.0,,,,,
descriptive,tree_nodes,horn,,46,51.21739130434783,41.05,32.57454564770765,2.8260869565217392,12.0,,,,,
descriptive,tree_nodes,antihorn,,46,51.48695652173913,39.7,33.01509828814455,2.847826086956522,15.0,,,,,
descriptive,tree_nodes,square2cnf,,46,50.806521739130424,40.45,33.35956569244279,2.4239130434782608,15.0,,,,,
descriptive,tree_nodes,affine,,46,53.126086956521746,47.3,32.56421645359696,3.489130434782609,9.0,,,,,
friedman,tree_nodes,all_fixed,all_fixed,46,,,,,,15.471264367816145,0.0038172619923615876,,,
paired_wilcoxon,tree_nodes,,unary_vs_horn,46,,,,,,351.5,0.039445430018928425,2.0999999999999996,0.357487922705314,0.276118010132499
paired_wilcoxon,tree_nodes,,unary_vs_antihorn,46,,,,,,382.5,0.08528753768521702,2.3499999999999996,0.29178743961352654,0.5117252261113021
paired_wilcoxon,tree_nodes,,unary_vs_square2cnf,46,,,,,,286.0,0.0055173004107947855,2.5999999999999943,0.47246376811594204,0.05517300410794786
paired_wilcoxon,tree_nodes,,unary_vs_affine,46,,,,,,538.5,0.9869245121289111,-0.04999999999999982,-0.001932367149758454,1.0
paired_wilcoxon,tree_nodes,,horn_vs_antihorn,46,,,,,,457.0,0.5382608786860501,0.0,-0.13813813813813813,1.0
paired_wilcoxon,tree_nodes,,horn_vs_square2cnf,46,,,,,,459.0,0.45989203513481525,0.05000000000000071,0.11025641025641025,1.0
paired_wilcoxon,tree_nodes,,horn_vs_affine,46,,,,,,331.0,0.0230433530938474,-3.2499999999999964,-0.39191919191919194,0.1843468247507792
paired_wilcoxon,tree_nodes,,antihorn_vs_square2cnf,46,,,,,,391.5,0.1818158083697503,0.05000000000000071,0.2147147147147147,0.7272632334790012
paired_wilcoxon,tree_nodes,,antihorn_vs_affine,46,,,,,,393.0,0.10823574297423748,-0.6500000000000021,-0.2714975845410628,0.5411787148711874
paired_wilcoxon,tree_nodes,,square2cnf_vs_affine,46,,,,,,324.5,0.018548227674986283,-2.1999999999999993,-0.4,0.16693404907487655
descriptive,literals_after_prune,unary,,46,26.117391304347823,21.525,15.682074754286623,1.0,46.0,,,,,
descriptive,literals_after_prune,horn,,46,50.21739130434783,40.05,32.57454564770765,2.630434782608696,0.0,,,,,
descriptive,literals_after_prune,antihorn,,46,50.48695652173913,38.7,33.01509828814455,2.6739130434782608,0.0,,,,,
descriptive,literals_after_prune,square2cnf,,46,99.61304347826085,78.9,66.71913138488559,5.0,0.0,,,,,
descriptive,literals_after_prune,affine,,46,60.04239130434783,53.7,35.198195925030184,3.6956521739130435,0.0,,,,,
friedman,literals_after_prune,all_fixed,all_fixed,46,,,,,,162.3384615384615,4.606384624485072e-34,,,
paired_wilcoxon,literals_after_prune,,unary_vs_horn,46,,,,,,0.0,3.5220091535111047e-09,-20.75,-1.0,1.7610045767555523e-08
paired_wilcoxon,literals_after_prune,,unary_vs_antihorn,46,,,,,,0.0,2.842170943040401e-14,-19.25,-1.0,2.8421709430404007e-13
paired_wilcoxon,literals_after_prune,,unary_vs_square2cnf,46,,,,,,0.0,2.842170943040401e-14,-55.724999999999994,-1.0,2.8421709430404007e-13
paired_wilcoxon,literals_after_prune,,unary_vs_affine,46,,,,,,0.0,2.842170943040401e-14,-28.4,-1.0,2.8421709430404007e-13
paired_wilcoxon,literals_after_prune,,horn_vs_antihorn,46,,,,,,457.0,0.5382700804423106,0.0,-0.13813813813813813,0.5382700804423106
paired_wilcoxon,literals_after_prune,,horn_vs_square2cnf,46,,,,,,0.0,3.5220091535111047e-09,-38.849999999999994,-1.0,1.7610045767555523e-08
paired_wilcoxon,literals_after_prune,,horn_vs_affine,46,,,,,,130.5,7.484029913995108e-06,-11.049999999999997,-0.7585568917668826,2.2452089741985325e-05
paired_wilcoxon,literals_after_prune,,antihorn_vs_square2cnf,46,,,,,,0.0,2.842170943040401e-14,-40.699999999999996,-1.0,2.8421709430404007e-13
paired_wilcoxon,literals_after_prune,,antihorn_vs_affine,46,,,,,,133.5,8.718867789013108e-06,-7.424999999999999,-0.7530064754856615,2.2452089741985325e-05
paired_wilcoxon,literals_after_prune,,square2cnf_vs_affine,46,,,,,,0.0,2.842170943040401e-14,25.325,1.0,2.8421709430404007e-13
descriptive,mean_axp_length,unary,,46,3.926648306539584,3.9162800565770866,1.197978706030022,1.0434782608695652,44.0,,,,,
descriptive,mean_axp_length,horn,,46,5.137106801586156,5.110059359762561,1.5101999480221378,2.5434782608695654,2.0,,,,,
descriptive,mean_axp_length,antihorn,,46,5.553354322818533,5.114861847350897,2.0565146049967273,2.5869565217391304,0.0,,,,,
descriptive,mean_axp_length,square2cnf,,46,6.35726774494367,6.121648784306502,2.17892376218463,4.065217391304348,0.0,,,,,
descriptive,mean_axp_length,affine,,46,7.897178419223694,8.184913963963965,2.331646283580282,4.760869565217392,0.0,,,,,
friedman,mean_axp_length,all_fixed,all_fixed,46,,,,,,156.01746724890833,1.044509868384085e-32,,,
paired_wilcoxon,mean_axp_length,,unary_vs_horn,46,,,,,,13.0,2.5011104298755527e-12,-1.0869393081482797,-0.9759481961147086,1.2505552149377763e-11
paired_wilcoxon,mean_axp_length,,unary_vs_antihorn,46,,,,,,0.0,2.842170943040401e-14,-1.3070348133826304,-1.0,2.8421709430404007e-13
paired_wilcoxon,mean_axp_length,,unary_vs_square2cnf,46,,,,,,0.0,2.842170943040401e-14,-2.1877971351142085,-1.0,2.8421709430404007e-13
paired_wilcoxon,mean_axp_length,,unary_vs_affine,46,,,,,,0.0,2.842170943040401e-14,-3.9280992089650626,-1.0,2.8421709430404007e-13
paired_wilcoxon,mean_axp_length,,horn_vs_antihorn,46,,,,,,522.0,0.8440938791862385,0.001355583392984805,-0.03768115942028986,0.8440938791862385
paired_wilcoxon,mean_axp_length,,horn_vs_square2cnf,46,,,,,,2.0,4.15406517427418e-09,-0.7641352549889135,-0.9980676328502416,1.661626069709672e-08
paired_wilcoxon,mean_axp_length,,horn_vs_affine,46,,,,,,3.0,1.4210854715202004e-13,-2.8764587242026267,-0.9944495837187789,9.947598300641403e-13
paired_wilcoxon,mean_axp_length,,antihorn_vs_square2cnf,46,,,,,,31.0,2.6808228839243587e-08,-0.7653071557155715,-0.9439613526570049,8.042468651773076e-08
paired_wilcoxon,mean_axp_length,,antihorn_vs_affine,46,,,,,,12.0,1.9895196601282805e-12,-2.503255767963085,-0.9777983348751156,1.1937117960769683e-11
paired_wilcoxon,mean_axp_length,,square2cnf_vs_affine,46,,,,,,84.0,3.346190169395413e-08,-1.611553713019012,-0.8445883441258094,8.042468651773076e-08
descriptive,total_fit_time,unary,,46,0.04719580479130434,0.011573781675,0.0937442001283175,1.565217391304348,36.0,,,,,
descriptive,total_fit_time,horn,,46,0.06483404249239132,0.016743939325,0.1347586694425157,2.4130434782608696,2.0,,,,,
descriptive,total_fit_time,antihorn,,46,0.0663483121619565,0.01721005125,0.1420887463704753,2.4130434782608696,4.0,,,,,
descriptive,total_fit_time,square2cnf,,46,0.4444951763543478,0.07300643425,1.0212251989584384,4.913043478260869,0.0,,,,,
descriptive,total_fit_time,affine,,46,0.1624549898380435,0.030632216925,0.34605045307364607,3.6956521739130435,4.0,,,,,
friedman,total_fit_time,all_fixed,all_fixed,46,,,,,,126.80000000000007,1.8819830805051148e-26,,,
paired_wilcoxon,total_fit_time,,unary_vs_horn,46,,,,,,195.0,8.274314686218531e-05,-0.0030235419750000003,-0.6392229417206291,0.00024822944058655594
paired_wilcoxon,total_fit_time,,unary_vs_antihorn,46,,,,,,204.0,0.00013284241950373143,-0.00311274,-0.6225716928769658,0.00026568483900746287
paired_wilcoxon,total_fit_time,,unary_vs_square2cnf,46,,,,,,25.0,2.5693225325085223e-11,-0.059556144224999996,-0.9537465309898242,1.2846612662542611e-10
paired_wilcoxon,total_fit_time,,unary_vs_affine,46,,,,,,95.0,9.049321647580655e-08,-0.0225545168,-0.8242368177613321,3.619728659032262e-07
paired_wilcoxon,total_fit_time,,horn_vs_antihorn,46,,,,,,529.0,0.9052623889877793,-4.9393049999999807e-05,-0.02127659574468085,0.9052623889877793
paired_wilcoxon,total_fit_time,,horn_vs_square2cnf,46,,,,,,0.0,2.842170943040401e-14,-0.057219596624999994,-1.0,2.8421709430404007e-13
paired_wilcoxon,total_fit_time,,horn_vs_affine,46,,,,,,21.0,1.2704504115390591e-11,-0.019874873100000003,-0.9611470860314524,7.622702469234355e-11
paired_wilcoxon,total_fit_time,,antihorn_vs_square2cnf,46,,,,,,0.0,2.842170943040401e-14,-0.057393749524999996,-1.0,2.8421709430404007e-13
paired_wilcoxon,total_fit_time,,antihorn_vs_affine,46,,,,,,19.0,8.72546479513403e-12,-0.019179710475,-0.9648473635522664,6.107825356593821e-11
paired_wilcoxon,total_fit_time,,square2cnf_vs_affine,46,,,,,,0.0,2.842170943040401e-14,0.039438456324999996,1.0,2.8421709430404007e-13
