dataset,method,rank,accuracy
HTRU_2-bin,unary,1.0,0.9761035574594896
HTRU_2-bin,horn,3.0,0.9754702924194449
HTRU_2-bin,antihorn,4.0,0.9750046563605885
HTRU_2-bin,square2cnf,2.0,0.9754982305829764
HTRU_2-bin,affine,5.0,0.9732073011734028
IndiansDiabetes-bin,unary,1.0,0.74
IndiansDiabetes-bin,horn,3.0,0.7095652173913043
IndiansDiabetes-bin,antihorn,2.0,0.735
IndiansDiabetes-bin,square2cnf,4.0,0.7067391304347825
IndiansDiabetes-bin,affine,5.0,0.6950000000000001
Statlog_satellite-bin,unary,3.0,0.9417669172932331
Statlog_satellite-bin,horn,4.0,0.9404887218045113
Statlog_satellite-bin,antihorn,2.0,0.9503383458646617
Statlog_satellite-bin,square2cnf,1.0,0.9554135338345866
Statlog_satellite-bin,affine,5.0,0.9232706766917292
adult_discretized,unary,5.0,0.8431353135313531
adult_discretized,horn,4.0,0.8466336633663367
adult_discretized,antihorn,3.0,0.8524312431243125
adult_discretized,square2cnf,2.0,0.8524642464246425
adult_discretized,affine,1.0,0.8527502750275028
anneal,unary,5.0,0.8290983606557377
anneal,horn,3.0,0.8442622950819672
anneal,antihorn,2.0,0.8473360655737705
anneal,square2cnf,1.0,0.8493852459016393
anneal,affine,4.0,0.8381147540983607
audiology,unary,5.0,0.9423076923076923
audiology,horn,1.0,0.9553846153846154
audiology,antihorn,3.0,0.9523076923076923
audiology,square2cnf,2.0,0.953846153846154
audiology,affine,4.0,0.9507692307692308
australian-credit,unary,3.0,0.8438775510204082
australian-credit,horn,1.0,0.8479591836734693
australian-credit,antihorn,4.0,0.8436224489795918
australian-credit,square2cnf,2.0,0.8448979591836734
australian-credit,affine,5.0,0.8369897959183673
balance-scale-bin,unary,3.0,0.9008021390374331
balance-scale-bin,horn,1.0,0.9061497326203207
balance-scale-bin,antihorn,2.0,0.904812834224599
balance-scale-bin,square2cnf,5.0,0.8933155080213904
balance-scale-bin,affine,4.0,0.895187165775401
bank_conv-bin,unary,1.0,0.9020280235988201
bank_conv-bin,horn,2.0,0.8996312684365781
bank_conv-bin,antihorn,3.0,0.8995575221238938
bank_conv-bin,square2cnf,4.0,0.8973451327433628
bank_conv-bin,affine,5.0,0.8971976401179941
banknote-bin,unary,4.0,0.9811893203883495
banknote-bin,horn,2.0,0.9854368932038835
banknote-bin,antihorn,3.0,0.983859223300971
banknote-bin,square2cnf,1.0,0.9901699029126213
banknote-bin,affine,5.0,0.9783980582524272
biodeg-bin,unary,3.0,0.8134493670886076
biodeg-bin,horn,2.0,0.8147151898734177
biodeg-bin,antihorn,4.0,0.8113924050632912
biodeg-bin,square2cnf,1.0,0.8164556962025318
biodeg-bin,affine,5.0,0.8031645569620253
breast-cancer-un,unary,3.0,0.9399999999999998
breast-cancer-un,horn,4.0,0.9387804878048781
breast-cancer-un,antihorn,2.0,0.943170731707317
breast-cancer-un,square2cnf,1.0,0.9434146341463414
breast-cancer-un,affine,5.0,0.936829268292683
breast-wisconsin,unary,1.0,0.9492682926829268
breast-wisconsin,horn,4.0,0.9417073170731708
breast-wisconsin,antihorn,4.0,0.9417073170731708
breast-wisconsin,square2cnf,4.0,0.9417073170731708
breast-wisconsin,affine,2.0,0.943170731707317
car-un,unary,4.0,0.9441119691119692
car-un,horn,3.0,0.96003861003861
car-un,antihorn,2.0,0.9627413127413128
car-un,square2cnf,1.0,0.9681467181467183
car-un,affine,5.0,0.942084942084942
car_evaluation-bin,unary,4.0,0.9327220077220078
car_evaluation-bin,horn,2.0,0.9352316602316602
car_evaluation-bin,antihorn,3.0,0.9335907335907336
car_evaluation-bin,square2cnf,1.0,0.9357142857142857
car_evaluation-bin,affine,5.0,0.9316602316602317
compas_discretized,unary,1.0,0.670972972972973
compas_discretized,horn,3.0,0.667
compas_discretized,antihorn,2.0,0.6681891891891892
compas_discretized,square2cnf,4.0,0.6663243243243243
compas_discretized,affine,5.0,0.664918918918919
diabetes,unary,1.0,0.7436956521739131
diabetes,horn,3.5,0.7334782608695651
diabetes,antihorn,3.5,0.7334782608695651
diabetes,square2cnf,2.0,0.7336956521739131
diabetes,affine,5.0,0.7276086956521739
forest-fires-un,unary,1.0,0.5432258064516129
forest-fires-un,horn,3.0,0.5364516129032257
forest-fires-un,antihorn,5.0,0.5277419354838709
forest-fires-un,square2cnf,4.0,0.5351612903225806
forest-fires-un,affine,2.0,0.5370967741935484
german-credit,unary,3.0,0.7
german-credit,horn,1.0,0.7083333333333333
german-credit,antihorn,2.0,0.7070000000000001
german-credit,square2cnf,4.0,0.694
german-credit,affine,5.0,0.6921666666666667
heart-cleveland,unary,1.0,0.75
heart-cleveland,horn,3.0,0.7443820224719101
heart-cleveland,antihorn,5.0,0.7376404494382023
heart-cleveland,square2cnf,4.0,0.7404494382022472
heart-cleveland,affine,2.0,0.749438202247191
hepatitis,unary,5.0,0.7914634146341464
hepatitis,horn,2.0,0.8036585365853659
hepatitis,antihorn,2.0,0.8036585365853659
hepatitis,square2cnf,2.0,0.8036585365853659
hepatitis,affine,4.0,0.802439024390244
hypothyroid,unary,1.0,0.9796201232032855
hypothyroid,horn,4.5,0.9772073921971252
hypothyroid,antihorn,3.0,0.9773100616016427
hypothyroid,square2cnf,4.5,0.9772073921971252
hypothyroid,affine,2.0,0.9782854209445585
ionosphere,unary,2.0,0.8657142857142857
ionosphere,horn,4.5,0.8628571428571428
ionosphere,antihorn,4.5,0.8628571428571428
ionosphere,square2cnf,3.0,0.8638095238095238
ionosphere,affine,1.0,0.8671428571428571
kr-vs-kp,unary,5.0,0.9520333680917622
kr-vs-kp,horn,2.0,0.9788321167883212
kr-vs-kp,antihorn,3.0,0.9786757038581856
kr-vs-kp,square2cnf,1.0,0.9794056308654848
kr-vs-kp,affine,4.0,0.9701251303441085
letter,unary,5.0,0.9813750000000001
letter,horn,2.5,0.9890333333333332
letter,antihorn,2.5,0.9890333333333332
letter,square2cnf,1.0,0.9890416666666667
letter,affine,4.0,0.9814333333333334
letter_recognition-bin,unary,4.0,0.9939666666666666
letter_recognition-bin,horn,3.0,0.9948666666666666
letter_recognition-bin,antihorn,1.0,0.9955083333333332
letter_recognition-bin,square2cnf,2.0,0.9954583333333333
letter_recognition-bin,affine,5.0,0.9904833333333333
lymph,unary,1.0,0.7954545454545455
lymph,horn,2.0,0.7943181818181818
lymph,antihorn,3.0,0.7863636363636364
lymph,square2cnf,5.0,0.7761363636363636
lymph,affine,4.0,0.7784090909090909
magic04-bin,unary,4.0,0.8321416053277252
magic04-bin,horn,2.0,0.833806519453207
magic04-bin,antihorn,3.0,0.8337977567472835
magic04-bin,square2cnf,1.0,0.837372940764108
magic04-bin,affine,5.0,0.8195145460918332
messidor-bin,unary,2.5,0.6343478260869565
messidor-bin,horn,1.0,0.6353623188405797
messidor-bin,antihorn,2.5,0.6343478260869565
messidor-bin,square2cnf,4.0,0.6314492753623189
messidor-bin,affine,5.0,0.631159420289855
mushroom,unary,4.0,0.9997743126795241
mushroom,horn,2.0,0.9998768978251948
mushroom,antihorn,2.0,0.9998768978251948
mushroom,square2cnf,2.0,0.9998768978251948
mushroom,affine,5.0,0.997168649979483
pendigits,unary,1.0,0.9959964412811388
pendigits,horn,3.0,0.9955960854092527
pendigits,antihorn,3.0,0.9955960854092527
pendigits,square2cnf,3.0,0.9955960854092527
pendigits,affine,5.0,0.9948620996441282
primary-tumor,unary,1.0,0.8054455445544555
primary-tumor,horn,2.0,0.7965346534653465
primary-tumor,antihorn,3.0,0.7940594059405941
primary-tumor,square2cnf,4.0,0.7920792079207921
primary-tumor,affine,5.0,0.7698019801980198
segment,unary,2.0,0.9972582972582972
segment,horn,4.0,0.9971139971139971
segment,antihorn,4.0,0.9971139971139971
segment,square2cnf,4.0,0.9971139971139971
segment,affine,1.0,0.9974025974025974
seismic_bumps-bin,unary,1.0,0.9133548387096774
seismic_bumps-bin,horn,2.0,0.911483870967742
seismic_bumps-bin,antihorn,4.0,0.9104516129032257
seismic_bumps-bin,square2cnf,5.0,0.9081290322580646
seismic_bumps-bin,affine,3.0,0.9108387096774194
soybean,unary,5.0,0.9201058201058201
soybean,horn,4.0,0.9314814814814815
soybean,antihorn,1.0,0.9391534391534391
soybean,square2cnf,3.0,0.9365079365079364
soybean,affine,2.0,0.9365079365079365
splice-1,unary,1.0,0.9548066875653083
splice-1,horn,2.0,0.9542842215256009
splice-1,antihorn,5.0,0.9377220480668758
splice-1,square2cnf,3.0,0.9455067920585162
splice-1,affine,4.0,0.9423197492163009
taiwan_binarised,unary,1.0,0.8207777777777778
taiwan_binarised,horn,2.0,0.8203222222222222
taiwan_binarised,antihorn,3.0,0.8194944444444445
taiwan_binarised,square2cnf,4.0,0.8188833333333333
taiwan_binarised,affine,5.0,0.8169888888888888
tic-tac-toe,unary,2.0,0.9156794425087108
tic-tac-toe,horn,1.0,0.9175958188153309
tic-tac-toe,antihorn,3.0,0.8923344947735192
tic-tac-toe,square2cnf,4.0,0.8872822299651568
tic-tac-toe,affine,5.0,0.8637630662020905
titanic-un,unary,5.0,0.8033834586466165
titanic-un,horn,1.0,0.8101503759398497
titanic-un,antihorn,4.0,0.8045112781954886
titanic-un,square2cnf,2.0,0.8093984962406016
titanic-un,affine,3.0,0.8082706766917294
vehicle,unary,1.0,0.9433070866141732
vehicle,horn,3.0,0.9405511811023622
vehicle,antihorn,3.0,0.9405511811023622
vehicle,square2cnf,3.0,0.9405511811023622
vehicle,affine,5.0,0.9375984251968503
vote,unary,1.0,0.9442307692307692
vote,horn,4.0,0.9315384615384616
vote,antihorn,2.0,0.9373076923076923
vote,square2cnf,3.0,0.9330769230769231
vote,affine,5.0,0.9276923076923076
wine1-un,unary,3.0,0.6943396226415094
wine1-un,horn,5.0,0.6830188679245283
wine1-un,antihorn,1.0,0.7084905660377359
wine1-un,square2cnf,2.0,0.7037735849056603
wine1-un,affine,4.0,0.6867924528301886
wine2-un,unary,5.0,0.6264150943396226
wine2-un,horn,3.0,0.6566037735849056
wine2-un,antihorn,1.5,0.6641509433962264
wine2-un,square2cnf,1.5,0.6641509433962264
wine2-un,affine,4.0,0.6556603773584906
wine3-un,unary,1.0,0.750943396226415
wine3-un,horn,5.0,0.7339622641509435
wine3-un,antihorn,3.0,0.7377358490566037
wine3-un,square2cnf,4.0,0.7358490566037735
wine3-un,affine,2.0,0.7433962264150943
winequality-red-bin,unary,1.0,0.990625
winequality-red-bin,horn,2.0,0.9904166666666667
winequality-red-bin,antihorn,4.0,0.9878125000000001
winequality-red-bin,square2cnf,3.0,0.9880208333333333
winequality-red-bin,affine,5.0,0.9875
yeast,unary,4.0,0.7074157303370787
yeast,horn,1.5,0.7141573033707865
yeast,antihorn,1.5,0.7141573033707865
yeast,square2cnf,3.0,0.7134831460674158
yeast,affine,5.0,0.6980898876404494
