dataset,method,adaptive_accuracy,oracle_accuracy,oracle_language,tie_count,regret,interpretation
HTRU_2-bin,cals,0.975246787111194,0.9761035574594896,unary,1,0.0008567703482956768,underperforms_best_fixed_language
HTRU_2-bin,cals_compact_explain,0.9755075433041535,0.9761035574594896,unary,1,0.0005960141553361664,underperforms_best_fixed_language
HTRU_2-bin,smart_certified,0.9759731793630099,0.9761035574594896,unary,1,0.00013037809647975518,underperforms_best_fixed_language
IndiansDiabetes-bin,cals,0.7406521739130435,0.74,unary,1,-0.0006521739130435078,beats_every_fixed_language
IndiansDiabetes-bin,cals_compact_explain,0.735,0.74,unary,1,0.0050000000000000044,underperforms_best_fixed_language
IndiansDiabetes-bin,smart_certified,0.7347826086956522,0.74,unary,1,0.00521739130434784,underperforms_best_fixed_language
Statlog_satellite-bin,cals,0.959548872180451,0.9554135338345866,square2cnf,1,-0.004135338345864437,beats_every_fixed_language
Statlog_satellite-bin,cals_compact_explain,0.9556015037593986,0.9554135338345866,square2cnf,1,-0.0001879699248119593,beats_every_fixed_language
Statlog_satellite-bin,smart_certified,0.9413157894736843,0.9554135338345866,square2cnf,1,0.014097744360902276,underperforms_best_fixed_language
adult_discretized,cals,0.8502585258525853,0.8527502750275028,affine,1,0.002491749174917457,underperforms_best_fixed_language
adult_discretized,cals_compact_explain,0.8425907590759076,0.8527502750275028,affine,1,0.010159515951595144,underperforms_best_fixed_language
adult_discretized,smart_certified,0.843014301430143,0.8527502750275028,affine,1,0.009735973597359782,underperforms_best_fixed_language
anneal,cals,0.8561475409836066,0.8493852459016393,square2cnf,1,-0.00676229508196724,beats_every_fixed_language
anneal,cals_compact_explain,0.8444672131147541,0.8493852459016393,square2cnf,1,0.004918032786885185,underperforms_best_fixed_language
anneal,smart_certified,0.8317622950819672,0.8493852459016393,square2cnf,1,0.017622950819672134,underperforms_best_fixed_language
audiology,cals,0.9446153846153846,0.9553846153846154,horn,1,0.010769230769230753,underperforms_best_fixed_language
audiology,cals_compact_explain,0.9523076923076925,0.9553846153846154,horn,1,0.003076923076922866,underperforms_best_fixed_language
audiology,smart_certified,0.9461538461538461,0.9553846153846154,horn,1,0.009230769230769265,underperforms_best_fixed_language
australian-credit,cals,0.861734693877551,0.8479591836734693,horn,1,-0.013775510204081631,beats_every_fixed_language
australian-credit,cals_compact_explain,0.864030612244898,0.8479591836734693,horn,1,-0.016071428571428625,beats_every_fixed_language
australian-credit,smart_certified,0.8423469387755101,0.8479591836734693,horn,1,0.0056122448979591955,underperforms_best_fixed_language
balance-scale-bin,cals,0.917379679144385,0.9061497326203207,horn,1,-0.011229946524064283,beats_every_fixed_language
balance-scale-bin,cals_compact_explain,0.9171122994652408,0.9061497326203207,horn,1,-0.01096256684492003,beats_every_fixed_language
balance-scale-bin,smart_certified,0.8946524064171122,0.9061497326203207,horn,1,0.011497326203208535,underperforms_best_fixed_language
bank_conv-bin,cals,0.8996681415929203,0.9020280235988201,unary,1,0.0023598820058997605,underperforms_best_fixed_language
bank_conv-bin,cals_compact_explain,0.8991887905604721,0.9020280235988201,unary,1,0.002839233038347988,underperforms_best_fixed_language
bank_conv-bin,smart_certified,0.9009218289085545,0.9020280235988201,unary,1,0.0011061946902655162,underperforms_best_fixed_language
banknote-bin,cals,0.9847087378640778,0.9901699029126213,square2cnf,1,0.005461165048543548,underperforms_best_fixed_language
banknote-bin,cals_compact_explain,0.9783980582524272,0.9901699029126213,square2cnf,1,0.011771844660194097,underperforms_best_fixed_language
banknote-bin,smart_certified,0.9868932038834952,0.9901699029126213,square2cnf,1,0.0032766990291260845,underperforms_best_fixed_language
biodeg-bin,cals,0.8180379746835443,0.8164556962025318,square2cnf,1,-0.0015822784810125556,beats_every_fixed_language
biodeg-bin,cals_compact_explain,0.8069620253164557,0.8164556962025318,square2cnf,1,0.009493670886076111,underperforms_best_fixed_language
biodeg-bin,smart_certified,0.8112341772151899,0.8164556962025318,square2cnf,1,0.005221518987341911,underperforms_best_fixed_language
breast-cancer-un,cals,0.9434146341463414,0.9434146341463414,square2cnf,1,0.0,matches_best_fixed_language
breast-cancer-un,cals_compact_explain,0.9390243902439025,0.9434146341463414,square2cnf,1,0.004390243902438917,underperforms_best_fixed_language
breast-cancer-un,smart_certified,0.9382926829268292,0.9434146341463414,square2cnf,1,0.0051219512195122,underperforms_best_fixed_language
breast-wisconsin,cals,0.9502439024390243,0.9492682926829268,unary,1,-0.0009756097560975618,beats_every_fixed_language
breast-wisconsin,cals_compact_explain,0.9485365853658536,0.9492682926829268,unary,1,0.0007317073170731714,underperforms_best_fixed_language
breast-wisconsin,smart_certified,0.9448780487804879,0.9492682926829268,unary,1,0.004390243902438917,underperforms_best_fixed_language
car-un,cals,0.9558880308880309,0.9681467181467183,square2cnf,1,0.012258687258687395,underperforms_best_fixed_language
car-un,cals_compact_explain,0.959073359073359,0.9681467181467183,square2cnf,1,0.009073359073359266,underperforms_best_fixed_language
car-un,smart_certified,0.9674710424710424,0.9681467181467183,square2cnf,1,0.0006756756756758353,underperforms_best_fixed_language
car_evaluation-bin,cals,0.9371621621621621,0.9357142857142857,square2cnf,1,-0.0014478764478763617,beats_every_fixed_language
car_evaluation-bin,cals_compact_explain,0.9352316602316602,0.9357142857142857,square2cnf,1,0.00048262548262556493,underperforms_best_fixed_language
car_evaluation-bin,smart_certified,0.9416023166023166,0.9357142857142857,square2cnf,1,-0.005888030888030915,beats_every_fixed_language
compas_discretized,cals,0.6672702702702702,0.670972972972973,unary,1,0.003702702702702787,underperforms_best_fixed_language
compas_discretized,cals_compact_explain,0.6542162162162162,0.670972972972973,unary,1,0.016756756756756808,underperforms_best_fixed_language
compas_discretized,smart_certified,0.6707027027027027,0.670972972972973,unary,1,0.0002702702702702675,underperforms_best_fixed_language
diabetes,cals,0.7419565217391304,0.7436956521739131,unary,1,0.0017391304347826875,underperforms_best_fixed_language
diabetes,cals_compact_explain,0.7367391304347827,0.7436956521739131,unary,1,0.006956521739130417,underperforms_best_fixed_language
diabetes,smart_certified,0.7352173913043478,0.7436956521739131,unary,1,0.008478260869565268,underperforms_best_fixed_language
forest-fires-un,cals,0.5367741935483872,0.5432258064516129,unary,1,0.006451612903225712,underperforms_best_fixed_language
forest-fires-un,cals_compact_explain,0.5387096774193548,0.5432258064516129,unary,1,0.004516129032258065,underperforms_best_fixed_language
forest-fires-un,smart_certified,0.5435483870967742,0.5432258064516129,unary,1,-0.00032258064516133,beats_every_fixed_language
german-credit,cals,0.7176666666666667,0.7083333333333333,horn,1,-0.009333333333333416,beats_every_fixed_language
german-credit,cals_compact_explain,0.7283333333333333,0.7083333333333333,horn,1,-0.020000000000000018,beats_every_fixed_language
german-credit,smart_certified,0.6978333333333333,0.7083333333333333,horn,1,0.010499999999999954,underperforms_best_fixed_language
heart-cleveland,cals,0.7764044943820225,0.75,unary,1,-0.026404494382022525,beats_every_fixed_language
heart-cleveland,cals_compact_explain,0.752247191011236,0.75,unary,1,-0.0022471910112360494,beats_every_fixed_language
heart-cleveland,smart_certified,0.7415730337078652,0.75,unary,1,0.008426966292134797,underperforms_best_fixed_language
hepatitis,cals,0.8560975609756097,0.8036585365853659,horn,3,-0.05243902439024384,beats_every_fixed_language
hepatitis,cals_compact_explain,0.8243902439024391,0.8036585365853659,horn,3,-0.02073170731707319,beats_every_fixed_language
hepatitis,smart_certified,0.8146341463414635,0.8036585365853659,horn,3,-0.01097560975609757,beats_every_fixed_language
hypothyroid,cals,0.9791067761806982,0.9796201232032855,unary,1,0.0005133470225873182,underperforms_best_fixed_language
hypothyroid,cals_compact_explain,0.9774127310061601,0.9796201232032855,unary,1,0.002207392197125402,underperforms_best_fixed_language
hypothyroid,smart_certified,0.9791067761806982,0.9796201232032855,unary,1,0.0005133470225873182,underperforms_best_fixed_language
ionosphere,cals,0.8780952380952382,0.8671428571428571,affine,1,-0.010952380952381047,beats_every_fixed_language
ionosphere,cals_compact_explain,0.8642857142857142,0.8671428571428571,affine,1,0.0028571428571428914,underperforms_best_fixed_language
ionosphere,smart_certified,0.8723809523809523,0.8671428571428571,affine,1,-0.005238095238095153,beats_every_fixed_language
kr-vs-kp,cals,0.9860792492179353,0.9794056308654848,square2cnf,1,-0.0066736183524505055,beats_every_fixed_language
kr-vs-kp,cals_compact_explain,0.9878519290928051,0.9794056308654848,square2cnf,1,-0.008446298227320237,beats_every_fixed_language
kr-vs-kp,smart_certified,0.9619916579770594,0.9794056308654848,square2cnf,1,0.01741397288842539,underperforms_best_fixed_language
letter,cals,0.9863166666666666,0.9890416666666667,square2cnf,3,0.0027250000000000885,underperforms_best_fixed_language
letter,cals_compact_explain,0.9642833333333334,0.9890416666666667,square2cnf,3,0.024758333333333327,underperforms_best_fixed_language
letter,smart_certified,0.983475,0.9890416666666667,square2cnf,3,0.00556666666666672,underperforms_best_fixed_language
letter_recognition-bin,cals,0.9930583333333333,0.9955083333333332,antihorn,1,0.002449999999999952,underperforms_best_fixed_language
letter_recognition-bin,cals_compact_explain,0.9896666666666667,0.9955083333333332,antihorn,1,0.005841666666666523,underperforms_best_fixed_language
letter_recognition-bin,smart_certified,0.9940833333333334,0.9955083333333332,antihorn,1,0.0014249999999997875,underperforms_best_fixed_language
lymph,cals,0.7795454545454545,0.7954545454545455,unary,1,0.015909090909090984,underperforms_best_fixed_language
lymph,cals_compact_explain,0.7659090909090909,0.7954545454545455,unary,1,0.029545454545454652,underperforms_best_fixed_language
lymph,smart_certified,0.8193181818181818,0.7954545454545455,unary,1,-0.02386363636363631,beats_every_fixed_language
magic04-bin,cals,0.8325008762705923,0.837372940764108,square2cnf,1,0.0048720644935156265,underperforms_best_fixed_language
magic04-bin,cals_compact_explain,0.8193655800911321,0.837372940764108,square2cnf,1,0.018007360672975814,underperforms_best_fixed_language
magic04-bin,smart_certified,0.8320101647388715,0.837372940764108,square2cnf,1,0.005362776025236493,underperforms_best_fixed_language
messidor-bin,cals,0.6339130434782609,0.6353623188405797,horn,1,0.0014492753623187582,underperforms_best_fixed_language
messidor-bin,cals_compact_explain,0.6430434782608695,0.6353623188405797,horn,1,-0.007681159420289796,beats_every_fixed_language
messidor-bin,smart_certified,0.6328985507246376,0.6353623188405797,horn,1,0.0024637681159420666,underperforms_best_fixed_language
mushroom,cals,0.9989741485432908,0.9998768978251948,horn,3,0.0009027492819040361,underperforms_best_fixed_language
mushroom,cals_compact_explain,1.0,0.9998768978251948,horn,3,-0.0001231021748051564,beats_every_fixed_language
mushroom,smart_certified,0.9997743126795241,0.9998768978251948,horn,3,0.00010258514567074162,underperforms_best_fixed_language
pendigits,cals,0.9947508896797153,0.9959964412811388,unary,1,0.001245551601423589,underperforms_best_fixed_language
pendigits,cals_compact_explain,0.9935943060498221,0.9959964412811388,unary,1,0.0024021352313167155,underperforms_best_fixed_language
pendigits,smart_certified,0.9961521352313168,0.9959964412811388,unary,1,-0.00015569395017800414,beats_every_fixed_language
primary-tumor,cals,0.808910891089109,0.8054455445544555,unary,1,-0.0034653465346534684,beats_every_fixed_language
primary-tumor,cals_compact_explain,0.8153465346534654,0.8054455445544555,unary,1,-0.00990099009900991,beats_every_fixed_language
primary-tumor,smart_certified,0.8009900990099009,0.8054455445544555,unary,1,0.00445544554455457,underperforms_best_fixed_language
segment,cals,0.994083694083694,0.9974025974025974,affine,1,0.003318903318903388,underperforms_best_fixed_language
segment,cals_compact_explain,0.995093795093795,0.9974025974025974,affine,1,0.0023088023088023713,underperforms_best_fixed_language
segment,smart_certified,0.9972582972582972,0.9974025974025974,affine,1,0.00014430014430022453,underperforms_best_fixed_language
seismic_bumps-bin,cals,0.9221935483870969,0.9133548387096774,unary,1,-0.00883870967741951,beats_every_fixed_language
seismic_bumps-bin,cals_compact_explain,0.9223225806451613,0.9133548387096774,unary,1,-0.008967741935483886,beats_every_fixed_language
seismic_bumps-bin,smart_certified,0.9110967741935484,0.9133548387096774,unary,1,0.002258064516128977,underperforms_best_fixed_language
soybean,cals,0.9417989417989417,0.9391534391534391,antihorn,1,-0.002645502645502673,beats_every_fixed_language
soybean,cals_compact_explain,0.9224867724867725,0.9391534391534391,antihorn,1,0.016666666666666607,underperforms_best_fixed_language
soybean,smart_certified,0.9375661375661375,0.9391534391534391,antihorn,1,0.0015873015873015817,underperforms_best_fixed_language
splice-1,cals,0.9475966562173458,0.9548066875653083,unary,1,0.007210031347962498,underperforms_best_fixed_language
splice-1,cals_compact_explain,0.9390282131661442,0.9548066875653083,unary,1,0.015778474399164133,underperforms_best_fixed_language
splice-1,smart_certified,0.9466562173458726,0.9548066875653083,unary,1,0.008150470219435713,underperforms_best_fixed_language
taiwan_binarised,cals,0.8211722222222223,0.8207777777777778,unary,1,-0.000394444444444475,beats_every_fixed_language
taiwan_binarised,cals_compact_explain,0.8210444444444445,0.8207777777777778,unary,1,-0.0002666666666666373,beats_every_fixed_language
taiwan_binarised,smart_certified,0.8206111111111112,0.8207777777777778,unary,1,0.0001666666666666483,underperforms_best_fixed_language
tic-tac-toe,cals,0.8932055749128921,0.9175958188153309,horn,1,0.024390243902438824,underperforms_best_fixed_language
tic-tac-toe,cals_compact_explain,0.8911149825783973,0.9175958188153309,horn,1,0.026480836236933647,underperforms_best_fixed_language
tic-tac-toe,smart_certified,0.8954703832752614,0.9175958188153309,horn,1,0.022125435540069516,underperforms_best_fixed_language
titanic-un,cals,0.8186090225563909,0.8101503759398497,horn,1,-0.008458646616541166,beats_every_fixed_language
titanic-un,cals_compact_explain,0.8007518796992482,0.8101503759398497,horn,1,0.009398496240601517,underperforms_best_fixed_language
titanic-un,smart_certified,0.8046992481203008,0.8101503759398497,horn,1,0.005451127819548929,underperforms_best_fixed_language
vehicle,cals,0.9454724409448818,0.9433070866141732,unary,1,-0.0021653543307086354,beats_every_fixed_language
vehicle,cals_compact_explain,0.9348425196850394,0.9433070866141732,unary,1,0.008464566929133777,underperforms_best_fixed_language
vehicle,smart_certified,0.9460629921259842,0.9433070866141732,unary,1,-0.002755905511811041,beats_every_fixed_language
vote,cals,0.9423076923076923,0.9442307692307692,unary,1,0.0019230769230769162,underperforms_best_fixed_language
vote,cals_compact_explain,0.9446153846153846,0.9442307692307692,unary,1,-0.00038461538461542766,beats_every_fixed_language
vote,smart_certified,0.9376923076923077,0.9442307692307692,unary,1,0.006538461538461493,underperforms_best_fixed_language
wine1-un,cals,0.6754716981132075,0.7084905660377359,antihorn,1,0.03301886792452835,underperforms_best_fixed_language
wine1-un,cals_compact_explain,0.6820754716981131,0.7084905660377359,antihorn,1,0.026415094339622747,underperforms_best_fixed_language
wine1-un,smart_certified,0.6943396226415094,0.7084905660377359,antihorn,1,0.014150943396226467,underperforms_best_fixed_language
wine2-un,cals,0.6556603773584906,0.6641509433962264,antihorn,2,0.008490566037735792,underperforms_best_fixed_language
wine2-un,cals_compact_explain,0.6528301886792452,0.6641509433962264,antihorn,2,0.01132075471698113,underperforms_best_fixed_language
wine2-un,smart_certified,0.6264150943396226,0.6641509433962264,antihorn,2,0.037735849056603765,underperforms_best_fixed_language
wine3-un,cals,0.750943396226415,0.750943396226415,unary,1,0.0,matches_best_fixed_language
wine3-un,cals_compact_explain,0.7471698113207548,0.750943396226415,unary,1,0.0037735849056602655,underperforms_best_fixed_language
wine3-un,smart_certified,0.75,0.750943396226415,unary,1,0.0009433962264150386,underperforms_best_fixed_language
winequality-red-bin,cals,0.99375,0.990625,unary,1,-0.0031250000000000444,beats_every_fixed_language
winequality-red-bin,cals_compact_explain,0.99375,0.990625,unary,1,-0.0031250000000000444,beats_every_fixed_language
winequality-red-bin,smart_certified,0.9884375000000001,0.990625,unary,1,0.002187499999999898,underperforms_best_fixed_language
yeast,cals,0.7173033707865168,0.7141573033707865,horn,2,-0.0031460674157303137,beats_every_fixed_language
yeast,cals_compact_explain,0.7116853932584271,0.7141573033707865,horn,2,0.0024719101123594767,underperforms_best_fixed_language
yeast,smart_certified,0.7073033707865168,0.7141573033707865,horn,2,0.006853932584269695,underperforms_best_fixed_language
