dataset,run,depth,method,search_strategy,candidate_beam_width,tree_beam_width,lookahead_depth,node_budget,total_fit_time
"affine_xor3__noise_00",0,4,unary,Greedy,8,8,2,18446744073709551615,0.000385708
"affine_xor3__noise_00",0,4,horn,Greedy,8,8,2,18446744073709551615,0.000690103
"affine_xor3__noise_00",0,4,antihorn,Greedy,8,8,2,18446744073709551615,0.000868611
"affine_xor3__noise_00",0,4,square2cnf,Greedy,8,8,2,18446744073709551615,0.016237709
"affine_xor3__noise_00",0,4,affine,Greedy,8,8,2,18446744073709551615,0.000598725
"affine_xor3__noise_00",1,4,unary,Greedy,8,8,2,18446744073709551615,0.000298333
"affine_xor3__noise_00",1,4,horn,Greedy,8,8,2,18446744073709551615,0.000761739
"affine_xor3__noise_00",1,4,antihorn,Greedy,8,8,2,18446744073709551615,0.000666939
"affine_xor3__noise_00",1,4,square2cnf,Greedy,8,8,2,18446744073709551615,0.019224326
"affine_xor3__noise_00",1,4,affine,Greedy,8,8,2,18446744073709551615,0.000650606
"affine_xor3__noise_00",2,4,unary,Greedy,8,8,2,18446744073709551615,0.000293448
"affine_xor3__noise_00",2,4,horn,Greedy,8,8,2,18446744073709551615,0.000674446
"affine_xor3__noise_00",2,4,antihorn,Greedy,8,8,2,18446744073709551615,0.000692357
"affine_xor3__noise_00",2,4,square2cnf,Greedy,8,8,2,18446744073709551615,0.015422659
"affine_xor3__noise_00",2,4,affine,Greedy,8,8,2,18446744073709551615,0.000765212
"affine_xor3__noise_00",3,4,unary,Greedy,8,8,2,18446744073709551615,0.000278209
"affine_xor3__noise_00",3,4,horn,Greedy,8,8,2,18446744073709551615,0.000938986
"affine_xor3__noise_00",3,4,antihorn,Greedy,8,8,2,18446744073709551615,0.00069824
"affine_xor3__noise_00",3,4,square2cnf,Greedy,8,8,2,18446744073709551615,0.01546871
"affine_xor3__noise_00",3,4,affine,Greedy,8,8,2,18446744073709551615,0.000581429
"affine_xor3__noise_00",4,4,unary,Greedy,8,8,2,18446744073709551615,0.000295775
"affine_xor3__noise_00",4,4,horn,Greedy,8,8,2,18446744073709551615,0.000732487
"affine_xor3__noise_00",4,4,antihorn,Greedy,8,8,2,18446744073709551615,0.000850169
"affine_xor3__noise_00",4,4,square2cnf,Greedy,8,8,2,18446744073709551615,0.015202012
"affine_xor3__noise_00",4,4,affine,Greedy,8,8,2,18446744073709551615,0.000572071
"affine_xor3__noise_05",0,4,unary,Greedy,8,8,2,18446744073709551615,0.00041123
"affine_xor3__noise_05",0,4,horn,Greedy,8,8,2,18446744073709551615,0.000865224
"affine_xor3__noise_05",0,4,antihorn,Greedy,8,8,2,18446744073709551615,0.001105956
"affine_xor3__noise_05",0,4,square2cnf,Greedy,8,8,2,18446744073709551615,0.023876256
"affine_xor3__noise_05",0,4,affine,Greedy,8,8,2,18446744073709551615,0.002137109
"affine_xor3__noise_05",1,4,unary,Greedy,8,8,2,18446744073709551615,0.000381527
"affine_xor3__noise_05",1,4,horn,Greedy,8,8,2,18446744073709551615,0.001065916
"affine_xor3__noise_05",1,4,antihorn,Greedy,8,8,2,18446744073709551615,0.001128307
"affine_xor3__noise_05",1,4,square2cnf,Greedy,8,8,2,18446744073709551615,0.023183438
"affine_xor3__noise_05",1,4,affine,Greedy,8,8,2,18446744073709551615,0.002301424
"affine_xor3__noise_05",2,4,unary,Greedy,8,8,2,18446744073709551615,0.000384692
"affine_xor3__noise_05",2,4,horn,Greedy,8,8,2,18446744073709551615,0.001086682
"affine_xor3__noise_05",2,4,antihorn,Greedy,8,8,2,18446744073709551615,0.000990973
"affine_xor3__noise_05",2,4,square2cnf,Greedy,8,8,2,18446744073709551615,0.02756688
"affine_xor3__noise_05",2,4,affine,Greedy,8,8,2,18446744073709551615,0.002308122
"affine_xor3__noise_05",3,4,unary,Greedy,8,8,2,18446744073709551615,0.000375392
"affine_xor3__noise_05",3,4,horn,Greedy,8,8,2,18446744073709551615,0.00103774
"affine_xor3__noise_05",3,4,antihorn,Greedy,8,8,2,18446744073709551615,0.001016694
"affine_xor3__noise_05",3,4,square2cnf,Greedy,8,8,2,18446744073709551615,0.020140065
"affine_xor3__noise_05",3,4,affine,Greedy,8,8,2,18446744073709551615,0.002264446
"affine_xor3__noise_05",4,4,unary,Greedy,8,8,2,18446744073709551615,0.000395042
"affine_xor3__noise_05",4,4,horn,Greedy,8,8,2,18446744073709551615,0.001059961
"affine_xor3__noise_05",4,4,antihorn,Greedy,8,8,2,18446744073709551615,0.001150329
"affine_xor3__noise_05",4,4,square2cnf,Greedy,8,8,2,18446744073709551615,0.02585794
"affine_xor3__noise_05",4,4,affine,Greedy,8,8,2,18446744073709551615,0.00222972
"affine_xor3__noise_10",0,4,unary,Greedy,8,8,2,18446744073709551615,0.00037412
"affine_xor3__noise_10",0,4,horn,Greedy,8,8,2,18446744073709551615,0.000961803
"affine_xor3__noise_10",0,4,antihorn,Greedy,8,8,2,18446744073709551615,0.001134453
"affine_xor3__noise_10",0,4,square2cnf,Greedy,8,8,2,18446744073709551615,0.02878295
"affine_xor3__noise_10",0,4,affine,Greedy,8,8,2,18446744073709551615,0.002415032
"affine_xor3__noise_10",1,4,unary,Greedy,8,8,2,18446744073709551615,0.000387485
"affine_xor3__noise_10",1,4,horn,Greedy,8,8,2,18446744073709551615,0.000917218
"affine_xor3__noise_10",1,4,antihorn,Greedy,8,8,2,18446744073709551615,0.001059852
"affine_xor3__noise_10",1,4,square2cnf,Greedy,8,8,2,18446744073709551615,0.022401069
"affine_xor3__noise_10",1,4,affine,Greedy,8,8,2,18446744073709551615,0.002433973
"affine_xor3__noise_10",2,4,unary,Greedy,8,8,2,18446744073709551615,0.000415836
"affine_xor3__noise_10",2,4,horn,Greedy,8,8,2,18446744073709551615,0.000946346
"affine_xor3__noise_10",2,4,antihorn,Greedy,8,8,2,18446744073709551615,0.001046103
"affine_xor3__noise_10",2,4,square2cnf,Greedy,8,8,2,18446744073709551615,0.021858333
"affine_xor3__noise_10",2,4,affine,Greedy,8,8,2,18446744073709551615,0.002362379
"affine_xor3__noise_10",3,4,unary,Greedy,8,8,2,18446744073709551615,0.000408731
"affine_xor3__noise_10",3,4,horn,Greedy,8,8,2,18446744073709551615,0.000856929
"affine_xor3__noise_10",3,4,antihorn,Greedy,8,8,2,18446744073709551615,0.001082624
"affine_xor3__noise_10",3,4,square2cnf,Greedy,8,8,2,18446744073709551615,0.025018853
"affine_xor3__noise_10",3,4,affine,Greedy,8,8,2,18446744073709551615,0.002245926
"affine_xor3__noise_10",4,4,unary,Greedy,8,8,2,18446744073709551615,0.000385758
"affine_xor3__noise_10",4,4,horn,Greedy,8,8,2,18446744073709551615,0.000960496
"affine_xor3__noise_10",4,4,antihorn,Greedy,8,8,2,18446744073709551615,0.001042406
"affine_xor3__noise_10",4,4,square2cnf,Greedy,8,8,2,18446744073709551615,0.021422332
"affine_xor3__noise_10",4,4,affine,Greedy,8,8,2,18446744073709551615,0.002300132
"antihorn_chain__noise_00",0,4,unary,Greedy,8,8,2,18446744073709551615,0.000182687
"antihorn_chain__noise_00",0,4,horn,Greedy,8,8,2,18446744073709551615,0.00053334
"antihorn_chain__noise_00",0,4,antihorn,Greedy,8,8,2,18446744073709551615,0.000501929
"antihorn_chain__noise_00",0,4,square2cnf,Greedy,8,8,2,18446744073709551615,0.005398977
"antihorn_chain__noise_00",0,4,affine,Greedy,8,8,2,18446744073709551615,0.001446551
"antihorn_chain__noise_00",1,4,unary,Greedy,8,8,2,18446744073709551615,0.000158526
"antihorn_chain__noise_00",1,4,horn,Greedy,8,8,2,18446744073709551615,0.0006162
"antihorn_chain__noise_00",1,4,antihorn,Greedy,8,8,2,18446744073709551615,0.000402613
"antihorn_chain__noise_00",1,4,square2cnf,Greedy,8,8,2,18446744073709551615,0.005471085
"antihorn_chain__noise_00",1,4,affine,Greedy,8,8,2,18446744073709551615,0.001532881
"antihorn_chain__noise_00",2,4,unary,Greedy,8,8,2,18446744073709551615,0.000177259
"antihorn_chain__noise_00",2,4,horn,Greedy,8,8,2,18446744073709551615,0.000438751
"antihorn_chain__noise_00",2,4,antihorn,Greedy,8,8,2,18446744073709551615,0.000405766
"antihorn_chain__noise_00",2,4,square2cnf,Greedy,8,8,2,18446744073709551615,0.005581373
"antihorn_chain__noise_00",2,4,affine,Greedy,8,8,2,18446744073709551615,0.001568232
"antihorn_chain__noise_00",3,4,unary,Greedy,8,8,2,18446744073709551615,0.000156332
"antihorn_chain__noise_00",3,4,horn,Greedy,8,8,2,18446744073709551615,0.000491595
"antihorn_chain__noise_00",3,4,antihorn,Greedy,8,8,2,18446744073709551615,0.000435335
"antihorn_chain__noise_00",3,4,square2cnf,Greedy,8,8,2,18446744073709551615,0.005457707
"antihorn_chain__noise_00",3,4,affine,Greedy,8,8,2,18446744073709551615,0.001495627
"antihorn_chain__noise_00",4,4,unary,Greedy,8,8,2,18446744073709551615,0.000155397
"antihorn_chain__noise_00",4,4,horn,Greedy,8,8,2,18446744073709551615,0.000472094
"antihorn_chain__noise_00",4,4,antihorn,Greedy,8,8,2,18446744073709551615,0.000402006
"antihorn_chain__noise_00",4,4,square2cnf,Greedy,8,8,2,18446744073709551615,0.005515155
"antihorn_chain__noise_00",4,4,affine,Greedy,8,8,2,18446744073709551615,0.001507542
"antihorn_chain__noise_05",0,4,unary,Greedy,8,8,2,18446744073709551615,0.000414074
"antihorn_chain__noise_05",0,4,horn,Greedy,8,8,2,18446744073709551615,0.001007496
"antihorn_chain__noise_05",0,4,antihorn,Greedy,8,8,2,18446744073709551615,0.00109365
"antihorn_chain__noise_05",0,4,square2cnf,Greedy,8,8,2,18446744073709551615,0.019217441
"antihorn_chain__noise_05",0,4,affine,Greedy,8,8,2,18446744073709551615,0.002508498
"antihorn_chain__noise_05",1,4,unary,Greedy,8,8,2,18446744073709551615,0.000368945
"antihorn_chain__noise_05",1,4,horn,Greedy,8,8,2,18446744073709551615,0.000976059
"antihorn_chain__noise_05",1,4,antihorn,Greedy,8,8,2,18446744073709551615,0.000977666
"antihorn_chain__noise_05",1,4,square2cnf,Greedy,8,8,2,18446744073709551615,0.037536033
"antihorn_chain__noise_05",1,4,affine,Greedy,8,8,2,18446744073709551615,0.002297572
"antihorn_chain__noise_05",2,4,unary,Greedy,8,8,2,18446744073709551615,0.000382464
"antihorn_chain__noise_05",2,4,horn,Greedy,8,8,2,18446744073709551615,0.001008447
"antihorn_chain__noise_05",2,4,antihorn,Greedy,8,8,2,18446744073709551615,0.000981393
"antihorn_chain__noise_05",2,4,square2cnf,Greedy,8,8,2,18446744073709551615,0.019578807
"antihorn_chain__noise_05",2,4,affine,Greedy,8,8,2,18446744073709551615,0.002182289
"antihorn_chain__noise_05",3,4,unary,Greedy,8,8,2,18446744073709551615,0.000364651
"antihorn_chain__noise_05",3,4,horn,Greedy,8,8,2,18446744073709551615,0.001020004
"antihorn_chain__noise_05",3,4,antihorn,Greedy,8,8,2,18446744073709551615,0.001000296
"antihorn_chain__noise_05",3,4,square2cnf,Greedy,8,8,2,18446744073709551615,0.021362735
"antihorn_chain__noise_05",3,4,affine,Greedy,8,8,2,18446744073709551615,0.002314593
"antihorn_chain__noise_05",4,4,unary,Greedy,8,8,2,18446744073709551615,0.00036465
"antihorn_chain__noise_05",4,4,horn,Greedy,8,8,2,18446744073709551615,0.000955992
"antihorn_chain__noise_05",4,4,antihorn,Greedy,8,8,2,18446744073709551615,0.00102377
"antihorn_chain__noise_05",4,4,square2cnf,Greedy,8,8,2,18446744073709551615,0.021490082
"antihorn_chain__noise_05",4,4,affine,Greedy,8,8,2,18446744073709551615,0.002479727
"antihorn_chain__noise_10",0,4,unary,Greedy,8,8,2,18446744073709551615,0.000438037
"antihorn_chain__noise_10",0,4,horn,Greedy,8,8,2,18446744073709551615,0.000957019
"antihorn_chain__noise_10",0,4,antihorn,Greedy,8,8,2,18446744073709551615,0.001089808
"antihorn_chain__noise_10",0,4,square2cnf,Greedy,8,8,2,18446744073709551615,0.023035848
"antihorn_chain__noise_10",0,4,affine,Greedy,8,8,2,18446744073709551615,0.00235203
"antihorn_chain__noise_10",1,4,unary,Greedy,8,8,2,18446744073709551615,0.000391365
"antihorn_chain__noise_10",1,4,horn,Greedy,8,8,2,18446744073709551615,0.001061221
"antihorn_chain__noise_10",1,4,antihorn,Greedy,8,8,2,18446744073709551615,0.001086101
"antihorn_chain__noise_10",1,4,square2cnf,Greedy,8,8,2,18446744073709551615,0.020758203
"antihorn_chain__noise_10",1,4,affine,Greedy,8,8,2,18446744073709551615,0.002547459
"antihorn_chain__noise_10",2,4,unary,Greedy,8,8,2,18446744073709551615,0.000387297
"antihorn_chain__noise_10",2,4,horn,Greedy,8,8,2,18446744073709551615,0.001052511
"antihorn_chain__noise_10",2,4,antihorn,Greedy,8,8,2,18446744073709551615,0.001145454
"antihorn_chain__noise_10",2,4,square2cnf,Greedy,8,8,2,18446744073709551615,0.024887065
"antihorn_chain__noise_10",2,4,affine,Greedy,8,8,2,18446744073709551615,0.002282425
"antihorn_chain__noise_10",3,4,unary,Greedy,8,8,2,18446744073709551615,0.000490836
"antihorn_chain__noise_10",3,4,horn,Greedy,8,8,2,18446744073709551615,0.000975138
"antihorn_chain__noise_10",3,4,antihorn,Greedy,8,8,2,18446744073709551615,0.001080738
"antihorn_chain__noise_10",3,4,square2cnf,Greedy,8,8,2,18446744073709551615,0.020522656
"antihorn_chain__noise_10",3,4,affine,Greedy,8,8,2,18446744073709551615,0.002348543
"antihorn_chain__noise_10",4,4,unary,Greedy,8,8,2,18446744073709551615,0.00037947
"antihorn_chain__noise_10",4,4,horn,Greedy,8,8,2,18446744073709551615,0.001040502
"antihorn_chain__noise_10",4,4,antihorn,Greedy,8,8,2,18446744073709551615,0.001094955
"antihorn_chain__noise_10",4,4,square2cnf,Greedy,8,8,2,18446744073709551615,0.023330556
"antihorn_chain__noise_10",4,4,affine,Greedy,8,8,2,18446744073709551615,0.002381723
"horn_chain__noise_00",0,4,unary,Greedy,8,8,2,18446744073709551615,0.000190646
"horn_chain__noise_00",0,4,horn,Greedy,8,8,2,18446744073709551615,0.000421955
"horn_chain__noise_00",0,4,antihorn,Greedy,8,8,2,18446744073709551615,0.000483829
"horn_chain__noise_00",0,4,square2cnf,Greedy,8,8,2,18446744073709551615,0.005666359
"horn_chain__noise_00",0,4,affine,Greedy,8,8,2,18446744073709551615,0.001412252
"horn_chain__noise_00",1,4,unary,Greedy,8,8,2,18446744073709551615,0.00015635
"horn_chain__noise_00",1,4,horn,Greedy,8,8,2,18446744073709551615,0.000409288
"horn_chain__noise_00",1,4,antihorn,Greedy,8,8,2,18446744073709551615,0.000504014
"horn_chain__noise_00",1,4,square2cnf,Greedy,8,8,2,18446744073709551615,0.00574139
"horn_chain__noise_00",1,4,affine,Greedy,8,8,2,18446744073709551615,0.001510698
"horn_chain__noise_00",2,4,unary,Greedy,8,8,2,18446744073709551615,0.000157838
"horn_chain__noise_00",2,4,horn,Greedy,8,8,2,18446744073709551615,0.000427496
"horn_chain__noise_00",2,4,antihorn,Greedy,8,8,2,18446744073709551615,0.000656354
"horn_chain__noise_00",2,4,square2cnf,Greedy,8,8,2,18446744073709551615,0.005603183
"horn_chain__noise_00",2,4,affine,Greedy,8,8,2,18446744073709551615,0.001547544
"horn_chain__noise_00",3,4,unary,Greedy,8,8,2,18446744073709551615,0.000164954
"horn_chain__noise_00",3,4,horn,Greedy,8,8,2,18446744073709551615,0.000389426
"horn_chain__noise_00",3,4,antihorn,Greedy,8,8,2,18446744073709551615,0.000547933
"horn_chain__noise_00",3,4,square2cnf,Greedy,8,8,2,18446744073709551615,0.005455554
"horn_chain__noise_00",3,4,affine,Greedy,8,8,2,18446744073709551615,0.001492345
"horn_chain__noise_00",4,4,unary,Greedy,8,8,2,18446744073709551615,0.000154294
"horn_chain__noise_00",4,4,horn,Greedy,8,8,2,18446744073709551615,0.000391831
"horn_chain__noise_00",4,4,antihorn,Greedy,8,8,2,18446744073709551615,0.00053702
"horn_chain__noise_00",4,4,square2cnf,Greedy,8,8,2,18446744073709551615,0.005598073
"horn_chain__noise_00",4,4,affine,Greedy,8,8,2,18446744073709551615,0.001517149
"horn_chain__noise_05",0,4,unary,Greedy,8,8,2,18446744073709551615,0.000354437
"horn_chain__noise_05",0,4,horn,Greedy,8,8,2,18446744073709551615,0.000986168
"horn_chain__noise_05",0,4,antihorn,Greedy,8,8,2,18446744073709551615,0.00093146
"horn_chain__noise_05",0,4,square2cnf,Greedy,8,8,2,18446744073709551615,0.014048519
"horn_chain__noise_05",0,4,affine,Greedy,8,8,2,18446744073709551615,0.002150479
"horn_chain__noise_05",1,4,unary,Greedy,8,8,2,18446744073709551615,0.000407491
"horn_chain__noise_05",1,4,horn,Greedy,8,8,2,18446744073709551615,0.001018243
"horn_chain__noise_05",1,4,antihorn,Greedy,8,8,2,18446744073709551615,0.001545369
"horn_chain__noise_05",1,4,square2cnf,Greedy,8,8,2,18446744073709551615,0.016440924
"horn_chain__noise_05",1,4,affine,Greedy,8,8,2,18446744073709551615,0.00274108
"horn_chain__noise_05",2,4,unary,Greedy,8,8,2,18446744073709551615,0.000378119
"horn_chain__noise_05",2,4,horn,Greedy,8,8,2,18446744073709551615,0.001294499
"horn_chain__noise_05",2,4,antihorn,Greedy,8,8,2,18446744073709551615,0.001130321
"horn_chain__noise_05",2,4,square2cnf,Greedy,8,8,2,18446744073709551615,0.019709624
"horn_chain__noise_05",2,4,affine,Greedy,8,8,2,18446744073709551615,0.002542039
"horn_chain__noise_05",3,4,unary,Greedy,8,8,2,18446744073709551615,0.000365491
"horn_chain__noise_05",3,4,horn,Greedy,8,8,2,18446744073709551615,0.00112586
"horn_chain__noise_05",3,4,antihorn,Greedy,8,8,2,18446744073709551615,0.00110891
"horn_chain__noise_05",3,4,square2cnf,Greedy,8,8,2,18446744073709551615,0.021282062
"horn_chain__noise_05",3,4,affine,Greedy,8,8,2,18446744073709551615,0.00257566
"horn_chain__noise_05",4,4,unary,Greedy,8,8,2,18446744073709551615,0.00040234
"horn_chain__noise_05",4,4,horn,Greedy,8,8,2,18446744073709551615,0.001158846
"horn_chain__noise_05",4,4,antihorn,Greedy,8,8,2,18446744073709551615,0.001340406
"horn_chain__noise_05",4,4,square2cnf,Greedy,8,8,2,18446744073709551615,0.016750789
"horn_chain__noise_05",4,4,affine,Greedy,8,8,2,18446744073709551615,0.002232078
"horn_chain__noise_10",0,4,unary,Greedy,8,8,2,18446744073709551615,0.000427467
"horn_chain__noise_10",0,4,horn,Greedy,8,8,2,18446744073709551615,0.001226925
"horn_chain__noise_10",0,4,antihorn,Greedy,8,8,2,18446744073709551615,0.001140432
"horn_chain__noise_10",0,4,square2cnf,Greedy,8,8,2,18446744073709551615,0.026828796
"horn_chain__noise_10",0,4,affine,Greedy,8,8,2,18446744073709551615,0.002837523
"horn_chain__noise_10",1,4,unary,Greedy,8,8,2,18446744073709551615,0.000450063
"horn_chain__noise_10",1,4,horn,Greedy,8,8,2,18446744073709551615,0.00111717
"horn_chain__noise_10",1,4,antihorn,Greedy,8,8,2,18446744073709551615,0.001170202
"horn_chain__noise_10",1,4,square2cnf,Greedy,8,8,2,18446744073709551615,0.024992196
"horn_chain__noise_10",1,4,affine,Greedy,8,8,2,18446744073709551615,0.002679659
"horn_chain__noise_10",2,4,unary,Greedy,8,8,2,18446744073709551615,0.00040137
"horn_chain__noise_10",2,4,horn,Greedy,8,8,2,18446744073709551615,0.001177225
"horn_chain__noise_10",2,4,antihorn,Greedy,8,8,2,18446744073709551615,0.001035363
"horn_chain__noise_10",2,4,square2cnf,Greedy,8,8,2,18446744073709551615,0.023543556
"horn_chain__noise_10",2,4,affine,Greedy,8,8,2,18446744073709551615,0.002496356
"horn_chain__noise_10",3,4,unary,Greedy,8,8,2,18446744073709551615,0.000417197
"horn_chain__noise_10",3,4,horn,Greedy,8,8,2,18446744073709551615,0.001150264
"horn_chain__noise_10",3,4,antihorn,Greedy,8,8,2,18446744073709551615,0.001096963
"horn_chain__noise_10",3,4,square2cnf,Greedy,8,8,2,18446744073709551615,0.025108497
"horn_chain__noise_10",3,4,affine,Greedy,8,8,2,18446744073709551615,0.002684719
"horn_chain__noise_10",4,4,unary,Greedy,8,8,2,18446744073709551615,0.000394283
"horn_chain__noise_10",4,4,horn,Greedy,8,8,2,18446744073709551615,0.001008625
"horn_chain__noise_10",4,4,antihorn,Greedy,8,8,2,18446744073709551615,0.001108231
"horn_chain__noise_10",4,4,square2cnf,Greedy,8,8,2,18446744073709551615,0.025249857
"horn_chain__noise_10",4,4,affine,Greedy,8,8,2,18446744073709551615,0.00256669
"horn_simple__noise_00",0,4,unary,Greedy,8,8,2,18446744073709551615,0.000139496
"horn_simple__noise_00",0,4,horn,Greedy,8,8,2,18446744073709551615,0.000244599
"horn_simple__noise_00",0,4,antihorn,Greedy,8,8,2,18446744073709551615,0.00024586
"horn_simple__noise_00",0,4,square2cnf,Greedy,8,8,2,18446744073709551615,0.002936152
"horn_simple__noise_00",0,4,affine,Greedy,8,8,2,18446744073709551615,0.001123752
"horn_simple__noise_00",1,4,unary,Greedy,8,8,2,18446744073709551615,0.000123126
"horn_simple__noise_00",1,4,horn,Greedy,8,8,2,18446744073709551615,0.00024667
"horn_simple__noise_00",1,4,antihorn,Greedy,8,8,2,18446744073709551615,0.000258116
"horn_simple__noise_00",1,4,square2cnf,Greedy,8,8,2,18446744073709551615,0.002953407
"horn_simple__noise_00",1,4,affine,Greedy,8,8,2,18446744073709551615,0.001064506
"horn_simple__noise_00",2,4,unary,Greedy,8,8,2,18446744073709551615,0.000125507
"horn_simple__noise_00",2,4,horn,Greedy,8,8,2,18446744073709551615,0.00024624
"horn_simple__noise_00",2,4,antihorn,Greedy,8,8,2,18446744073709551615,0.000241777
"horn_simple__noise_00",2,4,square2cnf,Greedy,8,8,2,18446744073709551615,0.002899935
"horn_simple__noise_00",2,4,affine,Greedy,8,8,2,18446744073709551615,0.001077073
"horn_simple__noise_00",3,4,unary,Greedy,8,8,2,18446744073709551615,0.000121062
"horn_simple__noise_00",3,4,horn,Greedy,8,8,2,18446744073709551615,0.000244467
"horn_simple__noise_00",3,4,antihorn,Greedy,8,8,2,18446744073709551615,0.000244644
"horn_simple__noise_00",3,4,square2cnf,Greedy,8,8,2,18446744073709551615,0.002886377
"horn_simple__noise_00",3,4,affine,Greedy,8,8,2,18446744073709551615,0.001078646
"horn_simple__noise_00",4,4,unary,Greedy,8,8,2,18446744073709551615,0.000123338
"horn_simple__noise_00",4,4,horn,Greedy,8,8,2,18446744073709551615,0.00024371
"horn_simple__noise_00",4,4,antihorn,Greedy,8,8,2,18446744073709551615,0.000248925
"horn_simple__noise_00",4,4,square2cnf,Greedy,8,8,2,18446744073709551615,0.00288755
"horn_simple__noise_00",4,4,affine,Greedy,8,8,2,18446744073709551615,0.001065539
"horn_simple__noise_05",0,4,unary,Greedy,8,8,2,18446744073709551615,0.000386945
"horn_simple__noise_05",0,4,horn,Greedy,8,8,2,18446744073709551615,0.000940076
"horn_simple__noise_05",0,4,antihorn,Greedy,8,8,2,18446744073709551615,0.000984247
"horn_simple__noise_05",0,4,square2cnf,Greedy,8,8,2,18446744073709551615,0.02109221
"horn_simple__noise_05",0,4,affine,Greedy,8,8,2,18446744073709551615,0.002558844
"horn_simple__noise_05",1,4,unary,Greedy,8,8,2,18446744073709551615,0.000366927
"horn_simple__noise_05",1,4,horn,Greedy,8,8,2,18446744073709551615,0.0010572
"horn_simple__noise_05",1,4,antihorn,Greedy,8,8,2,18446744073709551615,0.001091181
"horn_simple__noise_05",1,4,square2cnf,Greedy,8,8,2,18446744073709551615,0.022345471
"horn_simple__noise_05",1,4,affine,Greedy,8,8,2,18446744073709551615,0.002538858
"horn_simple__noise_05",2,4,unary,Greedy,8,8,2,18446744073709551615,0.000372415
"horn_simple__noise_05",2,4,horn,Greedy,8,8,2,18446744073709551615,0.000946521
"horn_simple__noise_05",2,4,antihorn,Greedy,8,8,2,18446744073709551615,0.000985401
"horn_simple__noise_05",2,4,square2cnf,Greedy,8,8,2,18446744073709551615,0.017817145
"horn_simple__noise_05",2,4,affine,Greedy,8,8,2,18446744073709551615,0.002491069
"horn_simple__noise_05",3,4,unary,Greedy,8,8,2,18446744073709551615,0.000352776
"horn_simple__noise_05",3,4,horn,Greedy,8,8,2,18446744073709551615,0.001081659
"horn_simple__noise_05",3,4,antihorn,Greedy,8,8,2,18446744073709551615,0.00115122
"horn_simple__noise_05",3,4,square2cnf,Greedy,8,8,2,18446744073709551615,0.021597308
"horn_simple__noise_05",3,4,affine,Greedy,8,8,2,18446744073709551615,0.002543481
"horn_simple__noise_05",4,4,unary,Greedy,8,8,2,18446744073709551615,0.000370327
"horn_simple__noise_05",4,4,horn,Greedy,8,8,2,18446744073709551615,0.00095639
"horn_simple__noise_05",4,4,antihorn,Greedy,8,8,2,18446744073709551615,0.001030566
"horn_simple__noise_05",4,4,square2cnf,Greedy,8,8,2,18446744073709551615,0.019663612
"horn_simple__noise_05",4,4,affine,Greedy,8,8,2,18446744073709551615,0.002495791
"horn_simple__noise_10",0,4,unary,Greedy,8,8,2,18446744073709551615,0.000401143
"horn_simple__noise_10",0,4,horn,Greedy,8,8,2,18446744073709551615,0.00115619
"horn_simple__noise_10",0,4,antihorn,Greedy,8,8,2,18446744073709551615,0.001291417
"horn_simple__noise_10",0,4,square2cnf,Greedy,8,8,2,18446744073709551615,0.026513951
"horn_simple__noise_10",0,4,affine,Greedy,8,8,2,18446744073709551615,0.002618907
"horn_simple__noise_10",1,4,unary,Greedy,8,8,2,18446744073709551615,0.000430657
"horn_simple__noise_10",1,4,horn,Greedy,8,8,2,18446744073709551615,0.001201817
"horn_simple__noise_10",1,4,antihorn,Greedy,8,8,2,18446744073709551615,0.001197375
"horn_simple__noise_10",1,4,square2cnf,Greedy,8,8,2,18446744073709551615,0.027951126
"horn_simple__noise_10",1,4,affine,Greedy,8,8,2,18446744073709551615,0.002512538
"horn_simple__noise_10",2,4,unary,Greedy,8,8,2,18446744073709551615,0.000399186
"horn_simple__noise_10",2,4,horn,Greedy,8,8,2,18446744073709551615,0.001177057
"horn_simple__noise_10",2,4,antihorn,Greedy,8,8,2,18446744073709551615,0.000993582
"horn_simple__noise_10",2,4,square2cnf,Greedy,8,8,2,18446744073709551615,0.022179212
"horn_simple__noise_10",2,4,affine,Greedy,8,8,2,18446744073709551615,0.002600994
"horn_simple__noise_10",3,4,unary,Greedy,8,8,2,18446744073709551615,0.000417747
"horn_simple__noise_10",3,4,horn,Greedy,8,8,2,18446744073709551615,0.001201092
"horn_simple__noise_10",3,4,antihorn,Greedy,8,8,2,18446744073709551615,0.001109048
"horn_simple__noise_10",3,4,square2cnf,Greedy,8,8,2,18446744073709551615,0.025256776
"horn_simple__noise_10",3,4,affine,Greedy,8,8,2,18446744073709551615,0.002508999
"horn_simple__noise_10",4,4,unary,Greedy,8,8,2,18446744073709551615,0.000407117
"horn_simple__noise_10",4,4,horn,Greedy,8,8,2,18446744073709551615,0.001041429
"horn_simple__noise_10",4,4,antihorn,Greedy,8,8,2,18446744073709551615,0.001130614
"horn_simple__noise_10",4,4,square2cnf,Greedy,8,8,2,18446744073709551615,0.022451832
"horn_simple__noise_10",4,4,affine,Greedy,8,8,2,18446744073709551615,0.002583399
"square_form_i__noise_00",0,4,unary,Greedy,8,8,2,18446744073709551615,0.000232954
"square_form_i__noise_00",0,4,horn,Greedy,8,8,2,18446744073709551615,0.000512447
"square_form_i__noise_00",0,4,antihorn,Greedy,8,8,2,18446744073709551615,0.000396487
"square_form_i__noise_00",0,4,square2cnf,Greedy,8,8,2,18446744073709551615,0.003021589
"square_form_i__noise_00",0,4,affine,Greedy,8,8,2,18446744073709551615,0.001598688
"square_form_i__noise_00",1,4,unary,Greedy,8,8,2,18446744073709551615,0.000223321
"square_form_i__noise_00",1,4,horn,Greedy,8,8,2,18446744073709551615,0.000545484
"square_form_i__noise_00",1,4,antihorn,Greedy,8,8,2,18446744073709551615,0.000416341
"square_form_i__noise_00",1,4,square2cnf,Greedy,8,8,2,18446744073709551615,0.003051057
"square_form_i__noise_00",1,4,affine,Greedy,8,8,2,18446744073709551615,0.001549567
"square_form_i__noise_00",2,4,unary,Greedy,8,8,2,18446744073709551615,0.000220754
"square_form_i__noise_00",2,4,horn,Greedy,8,8,2,18446744073709551615,0.000624704
"square_form_i__noise_00",2,4,antihorn,Greedy,8,8,2,18446744073709551615,0.000440878
"square_form_i__noise_00",2,4,square2cnf,Greedy,8,8,2,18446744073709551615,0.002985849
"square_form_i__noise_00",2,4,affine,Greedy,8,8,2,18446744073709551615,0.00162693
"square_form_i__noise_00",3,4,unary,Greedy,8,8,2,18446744073709551615,0.000230371
"square_form_i__noise_00",3,4,horn,Greedy,8,8,2,18446744073709551615,0.000612639
"square_form_i__noise_00",3,4,antihorn,Greedy,8,8,2,18446744073709551615,0.000433863
"square_form_i__noise_00",3,4,square2cnf,Greedy,8,8,2,18446744073709551615,0.002963309
"square_form_i__noise_00",3,4,affine,Greedy,8,8,2,18446744073709551615,0.001701964
"square_form_i__noise_00",4,4,unary,Greedy,8,8,2,18446744073709551615,0.000226288
"square_form_i__noise_00",4,4,horn,Greedy,8,8,2,18446744073709551615,0.000559405
"square_form_i__noise_00",4,4,antihorn,Greedy,8,8,2,18446744073709551615,0.000469382
"square_form_i__noise_00",4,4,square2cnf,Greedy,8,8,2,18446744073709551615,0.003097352
"square_form_i__noise_00",4,4,affine,Greedy,8,8,2,18446744073709551615,0.001550343
"square_form_i__noise_05",0,4,unary,Greedy,8,8,2,18446744073709551615,0.000402733
"square_form_i__noise_05",0,4,horn,Greedy,8,8,2,18446744073709551615,0.001132685
"square_form_i__noise_05",0,4,antihorn,Greedy,8,8,2,18446744073709551615,0.001107808
"square_form_i__noise_05",0,4,square2cnf,Greedy,8,8,2,18446744073709551615,0.022799094
"square_form_i__noise_05",0,4,affine,Greedy,8,8,2,18446744073709551615,0.002556183
"square_form_i__noise_05",1,4,unary,Greedy,8,8,2,18446744073709551615,0.000384494
"square_form_i__noise_05",1,4,horn,Greedy,8,8,2,18446744073709551615,0.001067651
"square_form_i__noise_05",1,4,antihorn,Greedy,8,8,2,18446744073709551615,0.001003064
"square_form_i__noise_05",1,4,square2cnf,Greedy,8,8,2,18446744073709551615,0.021404937
"square_form_i__noise_05",1,4,affine,Greedy,8,8,2,18446744073709551615,0.002325843
"square_form_i__noise_05",2,4,unary,Greedy,8,8,2,18446744073709551615,0.000394083
"square_form_i__noise_05",2,4,horn,Greedy,8,8,2,18446744073709551615,0.001015107
"square_form_i__noise_05",2,4,antihorn,Greedy,8,8,2,18446744073709551615,0.001083808
"square_form_i__noise_05",2,4,square2cnf,Greedy,8,8,2,18446744073709551615,0.020982457
"square_form_i__noise_05",2,4,affine,Greedy,8,8,2,18446744073709551615,0.002584419
"square_form_i__noise_05",3,4,unary,Greedy,8,8,2,18446744073709551615,0.000464839
"square_form_i__noise_05",3,4,horn,Greedy,8,8,2,18446744073709551615,0.001089952
"square_form_i__noise_05",3,4,antihorn,Greedy,8,8,2,18446744073709551615,0.001129071
"square_form_i__noise_05",3,4,square2cnf,Greedy,8,8,2,18446744073709551615,0.028171974
"square_form_i__noise_05",3,4,affine,Greedy,8,8,2,18446744073709551615,0.002519018
"square_form_i__noise_05",4,4,unary,Greedy,8,8,2,18446744073709551615,0.000411055
"square_form_i__noise_05",4,4,horn,Greedy,8,8,2,18446744073709551615,0.001081038
"square_form_i__noise_05",4,4,antihorn,Greedy,8,8,2,18446744073709551615,0.001130054
"square_form_i__noise_05",4,4,square2cnf,Greedy,8,8,2,18446744073709551615,0.024548486
"square_form_i__noise_05",4,4,affine,Greedy,8,8,2,18446744073709551615,0.002673134
"square_form_i__noise_10",0,4,unary,Greedy,8,8,2,18446744073709551615,0.000457559
"square_form_i__noise_10",0,4,horn,Greedy,8,8,2,18446744073709551615,0.001119035
"square_form_i__noise_10",0,4,antihorn,Greedy,8,8,2,18446744073709551615,0.001206537
"square_form_i__noise_10",0,4,square2cnf,Greedy,8,8,2,18446744073709551615,0.026488866
"square_form_i__noise_10",0,4,affine,Greedy,8,8,2,18446744073709551615,0.002322654
"square_form_i__noise_10",1,4,unary,Greedy,8,8,2,18446744073709551615,0.000418525
"square_form_i__noise_10",1,4,horn,Greedy,8,8,2,18446744073709551615,0.001089911
"square_form_i__noise_10",1,4,antihorn,Greedy,8,8,2,18446744073709551615,0.001153386
"square_form_i__noise_10",1,4,square2cnf,Greedy,8,8,2,18446744073709551615,0.030351508
"square_form_i__noise_10",1,4,affine,Greedy,8,8,2,18446744073709551615,0.002441646
"square_form_i__noise_10",2,4,unary,Greedy,8,8,2,18446744073709551615,0.000409407
"square_form_i__noise_10",2,4,horn,Greedy,8,8,2,18446744073709551615,0.001016734
"square_form_i__noise_10",2,4,antihorn,Greedy,8,8,2,18446744073709551615,0.001215217
"square_form_i__noise_10",2,4,square2cnf,Greedy,8,8,2,18446744073709551615,0.022031626
"square_form_i__noise_10",2,4,affine,Greedy,8,8,2,18446744073709551615,0.002431034
"square_form_i__noise_10",3,4,unary,Greedy,8,8,2,18446744073709551615,0.000609055
"square_form_i__noise_10",3,4,horn,Greedy,8,8,2,18446744073709551615,0.001146329
"square_form_i__noise_10",3,4,antihorn,Greedy,8,8,2,18446744073709551615,0.001471827
"square_form_i__noise_10",3,4,square2cnf,Greedy,8,8,2,18446744073709551615,0.027962588
"square_form_i__noise_10",3,4,affine,Greedy,8,8,2,18446744073709551615,0.002374036
"square_form_i__noise_10",4,4,unary,Greedy,8,8,2,18446744073709551615,0.000413349
"square_form_i__noise_10",4,4,horn,Greedy,8,8,2,18446744073709551615,0.001066758
"square_form_i__noise_10",4,4,antihorn,Greedy,8,8,2,18446744073709551615,0.001143085
"square_form_i__noise_10",4,4,square2cnf,Greedy,8,8,2,18446744073709551615,0.025180508
"square_form_i__noise_10",4,4,affine,Greedy,8,8,2,18446744073709551615,0.002494251
"square_form_ii__noise_00",0,4,unary,Greedy,8,8,2,18446744073709551615,0.000226674
"square_form_ii__noise_00",0,4,horn,Greedy,8,8,2,18446744073709551615,0.000517953
"square_form_ii__noise_00",0,4,antihorn,Greedy,8,8,2,18446744073709551615,0.000505508
"square_form_ii__noise_00",0,4,square2cnf,Greedy,8,8,2,18446744073709551615,0.00473522
"square_form_ii__noise_00",0,4,affine,Greedy,8,8,2,18446744073709551615,0.001718597
"square_form_ii__noise_00",1,4,unary,Greedy,8,8,2,18446744073709551615,0.000202957
"square_form_ii__noise_00",1,4,horn,Greedy,8,8,2,18446744073709551615,0.000553211
"square_form_ii__noise_00",1,4,antihorn,Greedy,8,8,2,18446744073709551615,0.000466204
"square_form_ii__noise_00",1,4,square2cnf,Greedy,8,8,2,18446744073709551615,0.005152882
"square_form_ii__noise_00",1,4,affine,Greedy,8,8,2,18446744073709551615,0.001765148
"square_form_ii__noise_00",2,4,unary,Greedy,8,8,2,18446744073709551615,0.000210617
"square_form_ii__noise_00",2,4,horn,Greedy,8,8,2,18446744073709551615,0.000711858
"square_form_ii__noise_00",2,4,antihorn,Greedy,8,8,2,18446744073709551615,0.000506931
"square_form_ii__noise_00",2,4,square2cnf,Greedy,8,8,2,18446744073709551615,0.005324265
"square_form_ii__noise_00",2,4,affine,Greedy,8,8,2,18446744073709551615,0.001975929
"square_form_ii__noise_00",3,4,unary,Greedy,8,8,2,18446744073709551615,0.000245085
"square_form_ii__noise_00",3,4,horn,Greedy,8,8,2,18446744073709551615,0.000645698
"square_form_ii__noise_00",3,4,antihorn,Greedy,8,8,2,18446744073709551615,0.000510401
"square_form_ii__noise_00",3,4,square2cnf,Greedy,8,8,2,18446744073709551615,0.010585605
"square_form_ii__noise_00",3,4,affine,Greedy,8,8,2,18446744073709551615,0.002161962
"square_form_ii__noise_00",4,4,unary,Greedy,8,8,2,18446744073709551615,0.000247538
"square_form_ii__noise_00",4,4,horn,Greedy,8,8,2,18446744073709551615,0.000627467
"square_form_ii__noise_00",4,4,antihorn,Greedy,8,8,2,18446744073709551615,0.000537801
"square_form_ii__noise_00",4,4,square2cnf,Greedy,8,8,2,18446744073709551615,0.005832954
"square_form_ii__noise_00",4,4,affine,Greedy,8,8,2,18446744073709551615,0.001969426
"square_form_ii__noise_05",0,4,unary,Greedy,8,8,2,18446744073709551615,0.000485298
"square_form_ii__noise_05",0,4,horn,Greedy,8,8,2,18446744073709551615,0.001127409
"square_form_ii__noise_05",0,4,antihorn,Greedy,8,8,2,18446744073709551615,0.001167787
"square_form_ii__noise_05",0,4,square2cnf,Greedy,8,8,2,18446744073709551615,0.022855131
"square_form_ii__noise_05",0,4,affine,Greedy,8,8,2,18446744073709551615,0.002694773
"square_form_ii__noise_05",1,4,unary,Greedy,8,8,2,18446744073709551615,0.0004182
"square_form_ii__noise_05",1,4,horn,Greedy,8,8,2,18446744073709551615,0.001036065
"square_form_ii__noise_05",1,4,antihorn,Greedy,8,8,2,18446744073709551615,0.001066681
"square_form_ii__noise_05",1,4,square2cnf,Greedy,8,8,2,18446744073709551615,0.017471633
"square_form_ii__noise_05",1,4,affine,Greedy,8,8,2,18446744073709551615,0.002416071
"square_form_ii__noise_05",2,4,unary,Greedy,8,8,2,18446744073709551615,0.000370008
"square_form_ii__noise_05",2,4,horn,Greedy,8,8,2,18446744073709551615,0.00085364
"square_form_ii__noise_05",2,4,antihorn,Greedy,8,8,2,18446744073709551615,0.000943338
"square_form_ii__noise_05",2,4,square2cnf,Greedy,8,8,2,18446744073709551615,0.018558389
"square_form_ii__noise_05",2,4,affine,Greedy,8,8,2,18446744073709551615,0.002093467
"square_form_ii__noise_05",3,4,unary,Greedy,8,8,2,18446744073709551615,0.000388264
"square_form_ii__noise_05",3,4,horn,Greedy,8,8,2,18446744073709551615,0.00099343
"square_form_ii__noise_05",3,4,antihorn,Greedy,8,8,2,18446744073709551615,0.001014694
"square_form_ii__noise_05",3,4,square2cnf,Greedy,8,8,2,18446744073709551615,0.017479124
"square_form_ii__noise_05",3,4,affine,Greedy,8,8,2,18446744073709551615,0.002452931
"square_form_ii__noise_05",4,4,unary,Greedy,8,8,2,18446744073709551615,0.000366668
"square_form_ii__noise_05",4,4,horn,Greedy,8,8,2,18446744073709551615,0.000856932
"square_form_ii__noise_05",4,4,antihorn,Greedy,8,8,2,18446744073709551615,0.001043898
"square_form_ii__noise_05",4,4,square2cnf,Greedy,8,8,2,18446744073709551615,0.017758742
"square_form_ii__noise_05",4,4,affine,Greedy,8,8,2,18446744073709551615,0.002132352
"square_form_ii__noise_10",0,4,unary,Greedy,8,8,2,18446744073709551615,0.000417459
"square_form_ii__noise_10",0,4,horn,Greedy,8,8,2,18446744073709551615,0.001116331
"square_form_ii__noise_10",0,4,antihorn,Greedy,8,8,2,18446744073709551615,0.00115214
"square_form_ii__noise_10",0,4,square2cnf,Greedy,8,8,2,18446744073709551615,0.020103869
"square_form_ii__noise_10",0,4,affine,Greedy,8,8,2,18446744073709551615,0.002834761
"square_form_ii__noise_10",1,4,unary,Greedy,8,8,2,18446744073709551615,0.000457894
"square_form_ii__noise_10",1,4,horn,Greedy,8,8,2,18446744073709551615,0.001218124
"square_form_ii__noise_10",1,4,antihorn,Greedy,8,8,2,18446744073709551615,0.001156884
"square_form_ii__noise_10",1,4,square2cnf,Greedy,8,8,2,18446744073709551615,0.022766763
"square_form_ii__noise_10",1,4,affine,Greedy,8,8,2,18446744073709551615,0.002538068
"square_form_ii__noise_10",2,4,unary,Greedy,8,8,2,18446744073709551615,0.000413299
"square_form_ii__noise_10",2,4,horn,Greedy,8,8,2,18446744073709551615,0.001072225
"square_form_ii__noise_10",2,4,antihorn,Greedy,8,8,2,18446744073709551615,0.001188785
"square_form_ii__noise_10",2,4,square2cnf,Greedy,8,8,2,18446744073709551615,0.030386584
"square_form_ii__noise_10",2,4,affine,Greedy,8,8,2,18446744073709551615,0.002512907
"square_form_ii__noise_10",3,4,unary,Greedy,8,8,2,18446744073709551615,0.00042157
"square_form_ii__noise_10",3,4,horn,Greedy,8,8,2,18446744073709551615,0.001142724
"square_form_ii__noise_10",3,4,antihorn,Greedy,8,8,2,18446744073709551615,0.001172952
"square_form_ii__noise_10",3,4,square2cnf,Greedy,8,8,2,18446744073709551615,0.026732849
"square_form_ii__noise_10",3,4,affine,Greedy,8,8,2,18446744073709551615,0.002550134
"square_form_ii__noise_10",4,4,unary,Greedy,8,8,2,18446744073709551615,0.000439702
"square_form_ii__noise_10",4,4,horn,Greedy,8,8,2,18446744073709551615,0.001142701
"square_form_ii__noise_10",4,4,antihorn,Greedy,8,8,2,18446744073709551615,0.001075684
"square_form_ii__noise_10",4,4,square2cnf,Greedy,8,8,2,18446744073709551615,0.023422837
"square_form_ii__noise_10",4,4,affine,Greedy,8,8,2,18446744073709551615,0.002461984
"square_form_iii__noise_00",0,4,unary,Greedy,8,8,2,18446744073709551615,0.000241623
"square_form_iii__noise_00",0,4,horn,Greedy,8,8,2,18446744073709551615,0.00038561
"square_form_iii__noise_00",0,4,antihorn,Greedy,8,8,2,18446744073709551615,0.000543957
"square_form_iii__noise_00",0,4,square2cnf,Greedy,8,8,2,18446744073709551615,0.002991148
"square_form_iii__noise_00",0,4,affine,Greedy,8,8,2,18446744073709551615,0.001632028
"square_form_iii__noise_00",1,4,unary,Greedy,8,8,2,18446744073709551615,0.000230611
"square_form_iii__noise_00",1,4,horn,Greedy,8,8,2,18446744073709551615,0.000367531
"square_form_iii__noise_00",1,4,antihorn,Greedy,8,8,2,18446744073709551615,0.000515502
"square_form_iii__noise_00",1,4,square2cnf,Greedy,8,8,2,18446744073709551615,0.003033494
"square_form_iii__noise_00",1,4,affine,Greedy,8,8,2,18446744073709551615,0.001641474
"square_form_iii__noise_00",2,4,unary,Greedy,8,8,2,18446744073709551615,0.000251076
"square_form_iii__noise_00",2,4,horn,Greedy,8,8,2,18446744073709551615,0.000373523
"square_form_iii__noise_00",2,4,antihorn,Greedy,8,8,2,18446744073709551615,0.000557328
"square_form_iii__noise_00",2,4,square2cnf,Greedy,8,8,2,18446744073709551615,0.003050823
"square_form_iii__noise_00",2,4,affine,Greedy,8,8,2,18446744073709551615,0.001573591
"square_form_iii__noise_00",3,4,unary,Greedy,8,8,2,18446744073709551615,0.00022333
"square_form_iii__noise_00",3,4,horn,Greedy,8,8,2,18446744073709551615,0.000365538
"square_form_iii__noise_00",3,4,antihorn,Greedy,8,8,2,18446744073709551615,0.000502838
"square_form_iii__noise_00",3,4,square2cnf,Greedy,8,8,2,18446744073709551615,0.002955332
"square_form_iii__noise_00",3,4,affine,Greedy,8,8,2,18446744073709551615,0.001544157
"square_form_iii__noise_00",4,4,unary,Greedy,8,8,2,18446744073709551615,0.000218305
"square_form_iii__noise_00",4,4,horn,Greedy,8,8,2,18446744073709551615,0.000347942
"square_form_iii__noise_00",4,4,antihorn,Greedy,8,8,2,18446744073709551615,0.00049227
"square_form_iii__noise_00",4,4,square2cnf,Greedy,8,8,2,18446744073709551615,0.00296545
"square_form_iii__noise_00",4,4,affine,Greedy,8,8,2,18446744073709551615,0.001557062
"square_form_iii__noise_05",0,4,unary,Greedy,8,8,2,18446744073709551615,0.000409528
"square_form_iii__noise_05",0,4,horn,Greedy,8,8,2,18446744073709551615,0.001056218
"square_form_iii__noise_05",0,4,antihorn,Greedy,8,8,2,18446744073709551615,0.001730867
"square_form_iii__noise_05",0,4,square2cnf,Greedy,8,8,2,18446744073709551615,0.027607057
"square_form_iii__noise_05",0,4,affine,Greedy,8,8,2,18446744073709551615,0.00243613
"square_form_iii__noise_05",1,4,unary,Greedy,8,8,2,18446744073709551615,0.000387353
"square_form_iii__noise_05",1,4,horn,Greedy,8,8,2,18446744073709551615,0.001016117
"square_form_iii__noise_05",1,4,antihorn,Greedy,8,8,2,18446744073709551615,0.00108723
"square_form_iii__noise_05",1,4,square2cnf,Greedy,8,8,2,18446744073709551615,0.022301159
"square_form_iii__noise_05",1,4,affine,Greedy,8,8,2,18446744073709551615,0.002419958
"square_form_iii__noise_05",2,4,unary,Greedy,8,8,2,18446744073709551615,0.000395207
"square_form_iii__noise_05",2,4,horn,Greedy,8,8,2,18446744073709551615,0.001070261
"square_form_iii__noise_05",2,4,antihorn,Greedy,8,8,2,18446744073709551615,0.001091292
"square_form_iii__noise_05",2,4,square2cnf,Greedy,8,8,2,18446744073709551615,0.023331127
"square_form_iii__noise_05",2,4,affine,Greedy,8,8,2,18446744073709551615,0.002364894
"square_form_iii__noise_05",3,4,unary,Greedy,8,8,2,18446744073709551615,0.000425243
"square_form_iii__noise_05",3,4,horn,Greedy,8,8,2,18446744073709551615,0.001007353
"square_form_iii__noise_05",3,4,antihorn,Greedy,8,8,2,18446744073709551615,0.001161899
"square_form_iii__noise_05",3,4,square2cnf,Greedy,8,8,2,18446744073709551615,0.027335664
"square_form_iii__noise_05",3,4,affine,Greedy,8,8,2,18446744073709551615,0.002587209
"square_form_iii__noise_05",4,4,unary,Greedy,8,8,2,18446744073709551615,0.000400418
"square_form_iii__noise_05",4,4,horn,Greedy,8,8,2,18446744073709551615,0.001089548
"square_form_iii__noise_05",4,4,antihorn,Greedy,8,8,2,18446744073709551615,0.001318757
"square_form_iii__noise_05",4,4,square2cnf,Greedy,8,8,2,18446744073709551615,0.018060454
"square_form_iii__noise_05",4,4,affine,Greedy,8,8,2,18446744073709551615,0.002463454
"square_form_iii__noise_10",0,4,unary,Greedy,8,8,2,18446744073709551615,0.000415441
"square_form_iii__noise_10",0,4,horn,Greedy,8,8,2,18446744073709551615,0.001036283
"square_form_iii__noise_10",0,4,antihorn,Greedy,8,8,2,18446744073709551615,0.001208541
"square_form_iii__noise_10",0,4,square2cnf,Greedy,8,8,2,18446744073709551615,0.0218845
"square_form_iii__noise_10",0,4,affine,Greedy,8,8,2,18446744073709551615,0.002505762
"square_form_iii__noise_10",1,4,unary,Greedy,8,8,2,18446744073709551615,0.000410873
"square_form_iii__noise_10",1,4,horn,Greedy,8,8,2,18446744073709551615,0.001128648
"square_form_iii__noise_10",1,4,antihorn,Greedy,8,8,2,18446744073709551615,0.001069545
"square_form_iii__noise_10",1,4,square2cnf,Greedy,8,8,2,18446744073709551615,0.025536485
"square_form_iii__noise_10",1,4,affine,Greedy,8,8,2,18446744073709551615,0.002450612
"square_form_iii__noise_10",2,4,unary,Greedy,8,8,2,18446744073709551615,0.000415284
"square_form_iii__noise_10",2,4,horn,Greedy,8,8,2,18446744073709551615,0.00106274
"square_form_iii__noise_10",2,4,antihorn,Greedy,8,8,2,18446744073709551615,0.001159985
"square_form_iii__noise_10",2,4,square2cnf,Greedy,8,8,2,18446744073709551615,0.026024835
"square_form_iii__noise_10",2,4,affine,Greedy,8,8,2,18446744073709551615,0.002448721
"square_form_iii__noise_10",3,4,unary,Greedy,8,8,2,18446744073709551615,0.000411588
"square_form_iii__noise_10",3,4,horn,Greedy,8,8,2,18446744073709551615,0.001076331
"square_form_iii__noise_10",3,4,antihorn,Greedy,8,8,2,18446744073709551615,0.000985965
"square_form_iii__noise_10",3,4,square2cnf,Greedy,8,8,2,18446744073709551615,0.053921704
"square_form_iii__noise_10",3,4,affine,Greedy,8,8,2,18446744073709551615,0.002572128
"square_form_iii__noise_10",4,4,unary,Greedy,8,8,2,18446744073709551615,0.000419377
"square_form_iii__noise_10",4,4,horn,Greedy,8,8,2,18446744073709551615,0.001233474
"square_form_iii__noise_10",4,4,antihorn,Greedy,8,8,2,18446744073709551615,0.001157137
"square_form_iii__noise_10",4,4,square2cnf,Greedy,8,8,2,18446744073709551615,0.02446104
"square_form_iii__noise_10",4,4,affine,Greedy,8,8,2,18446744073709551615,0.002634405
"unary__noise_00",0,4,unary,Greedy,8,8,2,18446744073709551615,0.000116074
"unary__noise_00",0,4,horn,Greedy,8,8,2,18446744073709551615,0.000320343
"unary__noise_00",0,4,antihorn,Greedy,8,8,2,18446744073709551615,0.0003386
"unary__noise_00",0,4,square2cnf,Greedy,8,8,2,18446744073709551615,0.002891948
"unary__noise_00",0,4,affine,Greedy,8,8,2,18446744073709551615,0.001096416
"unary__noise_00",1,4,unary,Greedy,8,8,2,18446744073709551615,0.00009975
"unary__noise_00",1,4,horn,Greedy,8,8,2,18446744073709551615,0.000347066
"unary__noise_00",1,4,antihorn,Greedy,8,8,2,18446744073709551615,0.000528501
"unary__noise_00",1,4,square2cnf,Greedy,8,8,2,18446744073709551615,0.002899008
"unary__noise_00",1,4,affine,Greedy,8,8,2,18446744073709551615,0.001010656
"unary__noise_00",2,4,unary,Greedy,8,8,2,18446744073709551615,0.000093418
"unary__noise_00",2,4,horn,Greedy,8,8,2,18446744073709551615,0.000307171
"unary__noise_00",2,4,antihorn,Greedy,8,8,2,18446744073709551615,0.000513289
"unary__noise_00",2,4,square2cnf,Greedy,8,8,2,18446744073709551615,0.002825194
"unary__noise_00",2,4,affine,Greedy,8,8,2,18446744073709551615,0.001030228
"unary__noise_00",3,4,unary,Greedy,8,8,2,18446744073709551615,0.000094127
"unary__noise_00",3,4,horn,Greedy,8,8,2,18446744073709551615,0.00030586
"unary__noise_00",3,4,antihorn,Greedy,8,8,2,18446744073709551615,0.000350884
"unary__noise_00",3,4,square2cnf,Greedy,8,8,2,18446744073709551615,0.002814148
"unary__noise_00",3,4,affine,Greedy,8,8,2,18446744073709551615,0.001062043
"unary__noise_00",4,4,unary,Greedy,8,8,2,18446744073709551615,0.000097085
"unary__noise_00",4,4,horn,Greedy,8,8,2,18446744073709551615,0.000312892
"unary__noise_00",4,4,antihorn,Greedy,8,8,2,18446744073709551615,0.000337705
"unary__noise_00",4,4,square2cnf,Greedy,8,8,2,18446744073709551615,0.002885571
"unary__noise_00",4,4,affine,Greedy,8,8,2,18446744073709551615,0.001058119
"unary__noise_05",0,4,unary,Greedy,8,8,2,18446744073709551615,0.000407674
"unary__noise_05",0,4,horn,Greedy,8,8,2,18446744073709551615,0.000944669
"unary__noise_05",0,4,antihorn,Greedy,8,8,2,18446744073709551615,0.001191201
"unary__noise_05",0,4,square2cnf,Greedy,8,8,2,18446744073709551615,0.031312274
"unary__noise_05",0,4,affine,Greedy,8,8,2,18446744073709551615,0.002328286
"unary__noise_05",1,4,unary,Greedy,8,8,2,18446744073709551615,0.000414169
"unary__noise_05",1,4,horn,Greedy,8,8,2,18446744073709551615,0.000820959
"unary__noise_05",1,4,antihorn,Greedy,8,8,2,18446744073709551615,0.000965074
"unary__noise_05",1,4,square2cnf,Greedy,8,8,2,18446744073709551615,0.025805087
"unary__noise_05",1,4,affine,Greedy,8,8,2,18446744073709551615,0.002226594
"unary__noise_05",2,4,unary,Greedy,8,8,2,18446744073709551615,0.000383702
"unary__noise_05",2,4,horn,Greedy,8,8,2,18446744073709551615,0.000854333
"unary__noise_05",2,4,antihorn,Greedy,8,8,2,18446744073709551615,0.001068696
"unary__noise_05",2,4,square2cnf,Greedy,8,8,2,18446744073709551615,0.025308304
"unary__noise_05",2,4,affine,Greedy,8,8,2,18446744073709551615,0.002209804
"unary__noise_05",3,4,unary,Greedy,8,8,2,18446744073709551615,0.000375918
"unary__noise_05",3,4,horn,Greedy,8,8,2,18446744073709551615,0.000919823
"unary__noise_05",3,4,antihorn,Greedy,8,8,2,18446744073709551615,0.001118524
"unary__noise_05",3,4,square2cnf,Greedy,8,8,2,18446744073709551615,0.023035485
"unary__noise_05",3,4,affine,Greedy,8,8,2,18446744073709551615,0.002624641
"unary__noise_05",4,4,unary,Greedy,8,8,2,18446744073709551615,0.00038025
"unary__noise_05",4,4,horn,Greedy,8,8,2,18446744073709551615,0.000909015
"unary__noise_05",4,4,antihorn,Greedy,8,8,2,18446744073709551615,0.001076913
"unary__noise_05",4,4,square2cnf,Greedy,8,8,2,18446744073709551615,0.02342101
"unary__noise_05",4,4,affine,Greedy,8,8,2,18446744073709551615,0.002185719
"unary__noise_10",0,4,unary,Greedy,8,8,2,18446744073709551615,0.000432111
"unary__noise_10",0,4,horn,Greedy,8,8,2,18446744073709551615,0.001018746
"unary__noise_10",0,4,antihorn,Greedy,8,8,2,18446744073709551615,0.001092077
"unary__noise_10",0,4,square2cnf,Greedy,8,8,2,18446744073709551615,0.029281905
"unary__noise_10",0,4,affine,Greedy,8,8,2,18446744073709551615,0.002644471
"unary__noise_10",1,4,unary,Greedy,8,8,2,18446744073709551615,0.00040388
"unary__noise_10",1,4,horn,Greedy,8,8,2,18446744073709551615,0.001027309
"unary__noise_10",1,4,antihorn,Greedy,8,8,2,18446744073709551615,0.000977125
"unary__noise_10",1,4,square2cnf,Greedy,8,8,2,18446744073709551615,0.029079715
"unary__noise_10",1,4,affine,Greedy,8,8,2,18446744073709551615,0.002490246
"unary__noise_10",2,4,unary,Greedy,8,8,2,18446744073709551615,0.000368417
"unary__noise_10",2,4,horn,Greedy,8,8,2,18446744073709551615,0.001010758
"unary__noise_10",2,4,antihorn,Greedy,8,8,2,18446744073709551615,0.001117566
"unary__noise_10",2,4,square2cnf,Greedy,8,8,2,18446744073709551615,0.025979968
"unary__noise_10",2,4,affine,Greedy,8,8,2,18446744073709551615,0.002340936
"unary__noise_10",3,4,unary,Greedy,8,8,2,18446744073709551615,0.000389725
"unary__noise_10",3,4,horn,Greedy,8,8,2,18446744073709551615,0.001027899
"unary__noise_10",3,4,antihorn,Greedy,8,8,2,18446744073709551615,0.001169318
"unary__noise_10",3,4,square2cnf,Greedy,8,8,2,18446744073709551615,0.027636074
"unary__noise_10",3,4,affine,Greedy,8,8,2,18446744073709551615,0.002463663
"unary__noise_10",4,4,unary,Greedy,8,8,2,18446744073709551615,0.000382407
"unary__noise_10",4,4,horn,Greedy,8,8,2,18446744073709551615,0.000878203
"unary__noise_10",4,4,antihorn,Greedy,8,8,2,18446744073709551615,0.001009221
"unary__noise_10",4,4,square2cnf,Greedy,8,8,2,18446744073709551615,0.025105876
"unary__noise_10",4,4,affine,Greedy,8,8,2,18446744073709551615,0.002465086
